mean_fit_time,std_fit_time,mean_score_time,std_score_time,param_xgbregressor__colsample_bylevel,param_xgbregressor__colsample_bynode,param_xgbregressor__colsample_bytree,param_xgbregressor__gamma,param_xgbregressor__learning_rate,param_xgbregressor__max_depth,param_xgbregressor__n_estimators,param_xgbregressor__reg_alpha,param_xgbregressor__reg_lambda,param_xgbregressor__subsample,params,split0_test_score,split1_test_score,split2_test_score,split3_test_score,split4_test_score,split5_test_score,split6_test_score,split7_test_score,mean_test_score,std_test_score,rank_test_score,split0_train_score,split1_train_score,split2_train_score,split3_train_score,split4_train_score,split5_train_score,split6_train_score,split7_train_score,mean_train_score,std_train_score
4.715167939662933,2.109238442717577,0.42492207884788513,0.04735445586927626,0.8293581634390066,0.637523713570662,0.7855072829529188,5.332346944983312,0.12161036096993119,19,89,1.0596607573522279,0.5834939686822911,0.41900222409055937,"{'xgbregressor__colsample_bylevel': 0.8293581634390066, 'xgbregressor__colsample_bynode': 0.637523713570662, 'xgbregressor__colsample_bytree': 0.7855072829529188, 'xgbregressor__gamma': 5.332346944983312, 'xgbregressor__learning_rate': 0.12161036096993119, 'xgbregressor__max_depth': 19, 'xgbregressor__n_estimators': 89, 'xgbregressor__reg_alpha': 1.0596607573522279, 'xgbregressor__reg_lambda': 0.5834939686822911, 'xgbregressor__subsample': 0.41900222409055937}",-0.9367547647364508,-0.8294196371313338,-0.6683564119383697,-0.4951901648824935,-0.7815053065894267,-0.5556947644326259,-0.6802460103834569,-0.545641508507616,-0.6866010710752217,0.1440478548834593,12,-0.4426991869153158,-0.45952414664068386,-0.46371465948954516,-0.4639934936775998,-0.4568272461417719,-0.46589893901645524,-0.4585835957371601,-0.462852057968569,-0.4592616656983876,0.006891429828201279
4.305194228887558,2.2140185813287783,0.42579036951065063,0.04237143138239718,0.5603268541051543,0.520203132896759,0.8606417294519688,2.8311734669261175,0.13266474542357673,13,169,0.31668335711823203,0.440803879705105,0.35738033844972605,"{'xgbregressor__colsample_bylevel': 0.5603268541051543, 'xgbregressor__colsample_bynode': 0.520203132896759, 'xgbregressor__colsample_bytree': 0.8606417294519688, 'xgbregressor__gamma': 2.8311734669261175, 'xgbregressor__learning_rate': 0.13266474542357673, 'xgbregressor__max_depth': 13, 'xgbregressor__n_estimators': 169, 'xgbregressor__reg_alpha': 0.31668335711823203, 'xgbregressor__reg_lambda': 0.440803879705105, 'xgbregressor__subsample': 0.35738033844972605}",-0.9198804465322671,-0.8107565552005533,-0.6805725526650526,-0.49346054438307,-0.7710492675677151,-0.5696744525462856,-0.6699347141012311,-0.5390060639707566,-0.6817918246208664,0.13686389777526067,5,-0.4274442876322342,-0.4543264650127201,-0.4644830898609397,-0.4661658202903557,-0.45947327441442243,-0.46938214390060384,-0.4661253155187824,-0.46944029756556793,-0.4596050867744533,0.013056951990598541
5.054480731487274,2.6016363467537977,0.5936131775379181,0.0942505737959832,0.4731689712167815,0.6559101626070885,0.4687105082578615,3.3401289880062617,0.07281682620414538,16,155,0.6001021051485282,0.929685171102028,0.3110731169792682,"{'xgbregressor__colsample_bylevel': 0.4731689712167815, 'xgbregressor__colsample_bynode': 0.6559101626070885, 'xgbregressor__colsample_bytree': 0.4687105082578615, 'xgbregressor__gamma': 3.3401289880062617, 'xgbregressor__learning_rate': 0.07281682620414538, 'xgbregressor__max_depth': 16, 'xgbregressor__n_estimators': 155, 'xgbregressor__reg_alpha': 0.6001021051485282, 'xgbregressor__reg_lambda': 0.929685171102028, 'xgbregressor__subsample': 0.3110731169792682}",-0.9616257096444961,-0.8244710631943898,-0.6619426009816036,-0.5104792669119596,-0.7732148166780383,-0.5633143668406849,-0.6759619950392098,-0.53755637426124,-0.6885707741939527,0.14631799389890826,16,-0.46780679012816456,-0.49770139662003404,-0.506467020783826,-0.505863939496981,-0.49602416226050855,-0.5101628618448796,-0.5059052586461416,-0.4993737211753328,-0.4986631438694835,0.012539698763010912
4.969675451517105,2.5995322240309284,0.612364798784256,0.088823923838571,0.5556404746692127,0.5975990484703626,0.26639949437935184,4.4191840318683955,0.0943851142805779,23,149,1.0642533535011116,0.5462723957020388,0.6560981907051919,"{'xgbregressor__colsample_bylevel': 0.5556404746692127, 'xgbregressor__colsample_bynode': 0.5975990484703626, 'xgbregressor__colsample_bytree': 0.26639949437935184, 'xgbregressor__gamma': 4.4191840318683955, 'xgbregressor__learning_rate': 0.0943851142805779, 'xgbregressor__max_depth': 23, 'xgbregressor__n_estimators': 149, 'xgbregressor__reg_alpha': 1.0642533535011116, 'xgbregressor__reg_lambda': 0.5462723957020388, 'xgbregressor__subsample': 0.6560981907051919}",-1.0276222780847242,-0.8532865398826449,-0.7303419524434032,-0.554941961928864,-0.784819188880782,-0.5827873950447915,-0.6697922612850702,-0.5502560071921443,-0.7192309480928031,0.15576657793010604,33,-0.4977558521615522,-0.5183206568156901,-0.5345249041938511,-0.5148047861474875,-0.5147090242420972,-0.5298817979450955,-0.520315514358222,-0.5181077249880699,-0.5185525326065081,0.010296532849040457
4.51512536406517,2.5698429061405084,0.49509212374687195,0.051393672824258066,0.7422660220636482,0.4369624910735187,0.22043904202634185,2.7070106737590423,0.1367157555751047,13,147,0.8449597139274867,0.5159878055441973,0.5848578111367767,"{'xgbregressor__colsample_bylevel': 0.7422660220636482, 'xgbregressor__colsample_bynode': 0.4369624910735187, 'xgbregressor__colsample_bytree': 0.22043904202634185, 'xgbregressor__gamma': 2.7070106737590423, 'xgbregressor__learning_rate': 0.1367157555751047, 'xgbregressor__max_depth': 13, 'xgbregressor__n_estimators': 147, 'xgbregressor__reg_alpha': 0.8449597139274867, 'xgbregressor__reg_lambda': 0.5159878055441973, 'xgbregressor__subsample': 0.5848578111367767}",-1.0132962559145058,-0.8519958316380072,-0.6838436942900608,-0.5494514216237014,-0.7777000397696247,-0.5972615880935802,-0.7127790212934442,-0.5598577591495425,-0.7182732014715583,0.14912558753094382,31,-0.5050030922995765,-0.5355576150372134,-0.5404660382442648,-0.5387023560457014,-0.527127547957889,-0.5452852543454697,-0.5423781895891833,-0.5344161432456505,-0.5336170295956186,0.011994530481687646
3.6648292541503906,1.8063289414458978,0.41983503103256226,0.05132327314839476,0.6275913063113024,0.4611151118781157,0.4799114158485681,3.5724819214982366,0.07648941021537117,13,88,0.6869612908150936,0.9055520454096804,0.38703821871381894,"{'xgbregressor__colsample_bylevel': 0.6275913063113024, 'xgbregressor__colsample_bynode': 0.4611151118781157, 'xgbregressor__colsample_bytree': 0.4799114158485681, 'xgbregressor__gamma': 3.5724819214982366, 'xgbregressor__learning_rate': 0.07648941021537117, 'xgbregressor__max_depth': 13, 'xgbregressor__n_estimators': 88, 'xgbregressor__reg_alpha': 0.6869612908150936, 'xgbregressor__reg_lambda': 0.9055520454096804, 'xgbregressor__subsample': 0.38703821871381894}",-0.9934674729927716,-0.8364086775071664,-0.6952425519911597,-0.5594323570919103,-0.782921970127239,-0.6148411141293891,-0.6799748091101182,-0.5456947415711405,-0.7134979618151118,0.142036100509911,29,-0.5085300390689463,-0.5456459175117451,-0.5715653320415173,-0.5681890579840959,-0.5588095067664753,-0.5826895374523657,-0.5772026194560048,-0.5742558127135907,-0.5608609778743426,0.022542943938278263
6.232164233922958,3.5788746730008794,0.6668025553226471,0.14938475937741183,0.5409605249255218,0.3364498637892187,0.3877846634605436,2.8524213555242284,0.11302377912870507,15,199,0.4462449958426637,0.8800212852291991,0.6244355814236273,"{'xgbregressor__colsample_bylevel': 0.5409605249255218, 'xgbregressor__colsample_bynode': 0.3364498637892187, 'xgbregressor__colsample_bytree': 0.3877846634605436, 'xgbregressor__gamma': 2.8524213555242284, 'xgbregressor__learning_rate': 0.11302377912870507, 'xgbregressor__max_depth': 15, 'xgbregressor__n_estimators': 199, 'xgbregressor__reg_alpha': 0.4462449958426637, 'xgbregressor__reg_lambda': 0.8800212852291991, 'xgbregressor__subsample': 0.6244355814236273}",-0.9391734486622807,-0.8601380792404184,-0.7210247740333491,-0.5150985289393633,-0.7687130977733212,-0.571166888802562,-0.6700812584741714,-0.5533864382696977,-0.6998478142743955,0.1419457117754669,26,-0.4894537125431394,-0.5031789911108497,-0.5133573038892866,-0.510077750208223,-0.503087798194293,-0.5136396600832387,-0.5101381287077092,-0.515219330659243,-0.5072690844244978,0.007973209653084323
5.9837638437747955,2.9431353150788095,0.7161007225513458,0.06827185770752113,0.36734150888446354,0.5944560567380801,0.7092055134639781,2.72169269879113,0.06430892501045422,18,134,0.416078902618551,0.9735521650026702,0.4377363719536835,"{'xgbregressor__colsample_bylevel': 0.36734150888446354, 'xgbregressor__colsample_bynode': 0.5944560567380801, 'xgbregressor__colsample_bytree': 0.7092055134639781, 'xgbregressor__gamma': 2.72169269879113, 'xgbregressor__learning_rate': 0.06430892501045422, 'xgbregressor__max_depth': 18, 'xgbregressor__n_estimators': 134, 'xgbregressor__reg_alpha': 0.416078902618551, 'xgbregressor__reg_lambda': 0.9735521650026702, 'xgbregressor__subsample': 0.4377363719536835}",-0.9140821729403443,-0.8358874158812014,-0.6555338940422015,-0.49904906338523725,-0.7691540069076086,-0.556647707659752,-0.6762876454731357,-0.5313100172833769,-0.6797439904466072,0.14041161592957566,1,-0.4339406106033706,-0.4634828001390143,-0.47884952176443546,-0.47965791375452427,-0.47229480457864753,-0.4879562778290863,-0.4834241642119373,-0.48461920227097566,-0.4730281618939989,0.0164415935090815
4.400499641895294,2.4850022667977054,0.5474554002285004,0.099278092134265,0.5202473192404946,0.3055072813207802,0.518563149614609,5.261363580360846,0.11077467311729074,21,92,0.7530090710753097,0.6499094607532891,0.6116170109332517,"{'xgbregressor__colsample_bylevel': 0.5202473192404946, 'xgbregressor__colsample_bynode': 0.3055072813207802, 'xgbregressor__colsample_bytree': 0.518563149614609, 'xgbregressor__gamma': 5.261363580360846, 'xgbregressor__learning_rate': 0.11077467311729074, 'xgbregressor__max_depth': 21, 'xgbregressor__n_estimators': 92, 'xgbregressor__reg_alpha': 0.7530090710753097, 'xgbregressor__reg_lambda': 0.6499094607532891, 'xgbregressor__subsample': 0.6116170109332517}",-0.9645416126967589,-0.8044711955807322,-0.667407614021826,-0.5174404219077723,-0.7778080282378691,-0.5628141012309322,-0.6840399305828883,-0.5329545884934516,-0.6889346865940289,0.14462891431417949,18,-0.5042395706736028,-0.5150258536379906,-0.5331747176127597,-0.523723744407587,-0.5071287062455416,-0.5219214815925098,-0.5202874627896424,-0.5156427650556599,-0.5176430377519117,0.008693107747666124
3.9463061690330505,2.0271508907552853,0.4549207091331482,0.03953976428886712,0.4346025953720228,0.33407208153133683,0.22299954843237335,5.406459872671722,0.10061171479575817,18,99,0.610354814802383,0.7294198145668751,0.6091707314126403,"{'xgbregressor__colsample_bylevel': 0.4346025953720228, 'xgbregressor__colsample_bynode': 0.33407208153133683, 'xgbregressor__colsample_bytree': 0.22299954843237335, 'xgbregressor__gamma': 5.406459872671722, 'xgbregressor__learning_rate': 0.10061171479575817, 'xgbregressor__max_depth': 18, 'xgbregressor__n_estimators': 99, 'xgbregressor__reg_alpha': 0.610354814802383, 'xgbregressor__reg_lambda': 0.7294198145668751, 'xgbregressor__subsample': 0.6091707314126403}",-1.0578815060267106,-0.8690981599301364,-0.8523853610138867,-0.7305297057018845,-0.870922055944845,-0.6639518003616379,-0.7078588884970312,-0.6052182612678936,-0.7947307173430032,0.13628766121415345,40,-0.6536012533803587,-0.7053757144945462,-0.7203694549962711,-0.7355125527172053,-0.7265691431160605,-0.6915200249262147,-0.6778681352380785,-0.6824572945254608,-0.6991591966742745,0.026046923489295413
3.9647362530231476,2.1003257251262295,0.5171319842338562,0.07694296397526541,0.5077571931535159,0.44558074828946215,0.3469228349011347,5.390899635709486,0.10163328347122927,24,71,0.4426259418710493,0.7572259041583276,0.4651865096095337,"{'xgbregressor__colsample_bylevel': 0.5077571931535159, 'xgbregressor__colsample_bynode': 0.44558074828946215, 'xgbregressor__colsample_bytree': 0.3469228349011347, 'xgbregressor__gamma': 5.390899635709486, 'xgbregressor__learning_rate': 0.10163328347122927, 'xgbregressor__max_depth': 24, 'xgbregressor__n_estimators': 71, 'xgbregressor__reg_alpha': 0.4426259418710493, 'xgbregressor__reg_lambda': 0.7572259041583276, 'xgbregressor__subsample': 0.4651865096095337}",-0.9950445883002236,-0.8229299207827472,-0.7420188632634865,-0.5935413773959695,-0.7919894736954284,-0.6054114635675438,-0.6595219174251095,-0.5563280023284807,-0.7208482008448737,0.13760182159809836,34,-0.5477721641288463,-0.5760253654777607,-0.5876356156087235,-0.5855127378999017,-0.5574604362219906,-0.5837737064136691,-0.5696351692577722,-0.570558600324895,-0.572296724416695,0.013168347140213985
5.332137703895569,2.7456197473771944,0.5805754363536835,0.06683053232118356,0.5887254095245784,0.6744955213287469,0.8044976039915006,3.6354167097732146,0.11197259382293165,20,181,1.085983714049211,0.7117611430454778,0.6627264588627164,"{'xgbregressor__colsample_bylevel': 0.5887254095245784, 'xgbregressor__colsample_bynode': 0.6744955213287469, 'xgbregressor__colsample_bytree': 0.8044976039915006, 'xgbregressor__gamma': 3.6354167097732146, 'xgbregressor__learning_rate': 0.11197259382293165, 'xgbregressor__max_depth': 20, 'xgbregressor__n_estimators': 181, 'xgbregressor__reg_alpha': 1.085983714049211, 'xgbregressor__reg_lambda': 0.7117611430454778, 'xgbregressor__subsample': 0.6627264588627164}",-0.914687892211245,-0.8238905701847222,-0.6688570424539857,-0.489581643534762,-0.7637279261634953,-0.5476164233700983,-0.6853327479749437,-0.5482245815511801,-0.680239853430554,0.13878703774685766,3,-0.4063685829815376,-0.42257127688302404,-0.4340109423586897,-0.432331620008619,-0.42532033526024254,-0.4355001964456015,-0.43265832739629856,-0.4347329731450487,-0.4279367818098827,0.009237952396720853
5.345087081193924,2.7694366310831975,0.6212586462497711,0.09293409753726481,0.579530826486539,0.591865578191012,0.31683686332085004,5.2463267480995235,0.08417011957876275,15,168,0.726654422827355,0.6145948350119259,0.3494980129804772,"{'xgbregressor__colsample_bylevel': 0.579530826486539, 'xgbregressor__colsample_bynode': 0.591865578191012, 'xgbregressor__colsample_bytree': 0.31683686332085004, 'xgbregressor__gamma': 5.2463267480995235, 'xgbregressor__learning_rate': 0.08417011957876275, 'xgbregressor__max_depth': 15, 'xgbregressor__n_estimators': 168, 'xgbregressor__reg_alpha': 0.726654422827355, 'xgbregressor__reg_lambda': 0.6145948350119259, 'xgbregressor__subsample': 0.3494980129804772}",-1.005062812052736,-0.8752210498876819,-0.7066836530885379,-0.5307447993495574,-0.7781778416605348,-0.5738402187870051,-0.6901894163773405,-0.5497619485020092,-0.7137102174631754,0.15638484352524945,30,-0.5180815067873756,-0.5404622245462215,-0.5392632861040046,-0.5391593167980623,-0.5260816262325823,-0.5410845208943423,-0.5348986283458139,-0.5330481998864399,-0.5340099136993554,0.007616456297165273
4.73088937997818,2.482239282882513,0.466607928276062,0.07420576066025522,0.6402271163397295,0.37171655282868155,0.8733993203830472,4.28355637625738,0.1423321745754587,21,191,0.7373258170711317,0.4466197056297274,0.36016096517651003,"{'xgbregressor__colsample_bylevel': 0.6402271163397295, 'xgbregressor__colsample_bynode': 0.37171655282868155, 'xgbregressor__colsample_bytree': 0.8733993203830472, 'xgbregressor__gamma': 4.28355637625738, 'xgbregressor__learning_rate': 0.1423321745754587, 'xgbregressor__max_depth': 21, 'xgbregressor__n_estimators': 191, 'xgbregressor__reg_alpha': 0.7373258170711317, 'xgbregressor__reg_lambda': 0.4466197056297274, 'xgbregressor__subsample': 0.36016096517651003}",-0.9136395775313421,-0.8433845057777447,-0.6794533255735316,-0.5013602329036252,-0.7792381033703691,-0.5621705876458442,-0.6847800890343319,-0.5405238706424355,-0.6880687865599029,0.13958956941425696,14,-0.45476593689058126,-0.4720501452993462,-0.48422746748281015,-0.4841753705156807,-0.4755021373890474,-0.48297699730224114,-0.47664396249608,-0.4767853264665861,-0.4758909179802966,0.009019959016914774
3.6140228509902954,1.8685188822214593,0.4520067870616913,0.03175410734066877,0.3278809274856291,0.34053422584748855,0.671915673001883,2.6276347157888,0.09138734596059567,21,54,0.7045826506026548,0.2676851229282183,0.6938669632665828,"{'xgbregressor__colsample_bylevel': 0.3278809274856291, 'xgbregressor__colsample_bynode': 0.34053422584748855, 'xgbregressor__colsample_bytree': 0.671915673001883, 'xgbregressor__gamma': 2.6276347157888, 'xgbregressor__learning_rate': 0.09138734596059567, 'xgbregressor__max_depth': 21, 'xgbregressor__n_estimators': 54, 'xgbregressor__reg_alpha': 0.7045826506026548, 'xgbregressor__reg_lambda': 0.2676851229282183, 'xgbregressor__subsample': 0.6938669632665828}",-0.9364901567805642,-0.839779636664937,-0.7197169480656151,-0.5585139094892586,-0.77857564273845,-0.5926394996056031,-0.6769786239405275,-0.5340483776108055,-0.7045928493619702,0.1329824199909488,27,-0.4894294665126641,-0.5322517224816183,-0.5534698845049197,-0.5574023974066505,-0.5326967815102635,-0.5645829596894516,-0.5553977613884618,-0.5507055677800933,-0.5419920676592653,0.02258126535972346
4.228232264518738,2.359264759800333,0.5376294851303101,0.09957640131592572,0.4152916094219456,0.5038947151478955,0.7923278031866021,4.682233805490101,0.1116836695357849,24,79,0.3445791954776604,0.6367602543097337,0.47830145460998796,"{'xgbregressor__colsample_bylevel': 0.4152916094219456, 'xgbregressor__colsample_bynode': 0.5038947151478955, 'xgbregressor__colsample_bytree': 0.7923278031866021, 'xgbregressor__gamma': 4.682233805490101, 'xgbregressor__learning_rate': 0.1116836695357849, 'xgbregressor__max_depth': 24, 'xgbregressor__n_estimators': 79, 'xgbregressor__reg_alpha': 0.3445791954776604, 'xgbregressor__reg_lambda': 0.6367602543097337, 'xgbregressor__subsample': 0.47830145460998796}",-0.9267058129031198,-0.8413961794853723,-0.6693739839659113,-0.5033013785945342,-0.7754581698102289,-0.5561798093521096,-0.6747064165109398,-0.5444792406689308,-0.6864501239113934,0.14175355689525815,11,-0.4498427940779099,-0.4746771304736919,-0.48213928136462,-0.480197637220331,-0.4696089257509373,-0.48198720244496834,-0.47254511465814647,-0.47666797266938177,-0.47345825733249836,0.009865669873517289
4.679116427898407,2.3923397936010975,0.5851919651031494,0.08147442040279745,0.7474765479463477,0.5475043817156832,0.4887682004544868,2.562802988329777,0.13659659367431687,23,112,0.47782174135647953,0.2949844987467076,0.47812902214544906,"{'xgbregressor__colsample_bylevel': 0.7474765479463477, 'xgbregressor__colsample_bynode': 0.5475043817156832, 'xgbregressor__colsample_bytree': 0.4887682004544868, 'xgbregressor__gamma': 2.562802988329777, 'xgbregressor__learning_rate': 0.13659659367431687, 'xgbregressor__max_depth': 23, 'xgbregressor__n_estimators': 112, 'xgbregressor__reg_alpha': 0.47782174135647953, 'xgbregressor__reg_lambda': 0.2949844987467076, 'xgbregressor__subsample': 0.47812902214544906}",-0.9648283762112589,-0.8209029753742262,-0.691614545464057,-0.5314782158477607,-0.7791919005687082,-0.5536997927388163,-0.6629905424332679,-0.5477948198422076,-0.6940626460600379,0.14367964064403546,21,-0.41814788136548336,-0.43039539842870556,-0.439746031503885,-0.4364804397375093,-0.4324247265178241,-0.4426240370632429,-0.43991703418957256,-0.44024629604085785,-0.4349977306058851,0.007469701765906592
4.668507307767868,2.4698637818146016,0.5791831910610199,0.0825412659049164,0.6899310800163033,0.5961709365789291,0.2019757079255775,3.0574334755845056,0.14518590068455023,19,143,0.9181326482575587,0.6917819547039797,0.4079831999354113,"{'xgbregressor__colsample_bylevel': 0.6899310800163033, 'xgbregressor__colsample_bynode': 0.5961709365789291, 'xgbregressor__colsample_bytree': 0.2019757079255775, 'xgbregressor__gamma': 3.0574334755845056, 'xgbregressor__learning_rate': 0.14518590068455023, 'xgbregressor__max_depth': 19, 'xgbregressor__n_estimators': 143, 'xgbregressor__reg_alpha': 0.9181326482575587, 'xgbregressor__reg_lambda': 0.6917819547039797, 'xgbregressor__subsample': 0.4079831999354113}",-1.079864025248995,-0.8582819334016984,-0.7469800569457234,-0.5848669582146621,-0.7989541030158341,-0.5765494256039987,-0.695869025912959,-0.5689736716667865,-0.7387924000013322,0.16393242177951395,36,-0.512761652627477,-0.5601644240325286,-0.5569707882506566,-0.5439668536201477,-0.5255937474747256,-0.5428425791074714,-0.5396180993563966,-0.5466732206601492,-0.5410739206411941,0.014591721930508774
3.6287189722061157,1.8597674487001465,0.44771966338157654,0.05813653835253056,0.3769148934008211,0.39140373808032425,0.6527857388333963,5.445047022911568,0.09893897253476508,14,76,0.6667128329315233,0.3861255590579604,0.5686567880888745,"{'xgbregressor__colsample_bylevel': 0.3769148934008211, 'xgbregressor__colsample_bynode': 0.39140373808032425, 'xgbregressor__colsample_bytree': 0.6527857388333963, 'xgbregressor__gamma': 5.445047022911568, 'xgbregressor__learning_rate': 0.09893897253476508, 'xgbregressor__max_depth': 14, 'xgbregressor__n_estimators': 76, 'xgbregressor__reg_alpha': 0.6667128329315233, 'xgbregressor__reg_lambda': 0.3861255590579604, 'xgbregressor__subsample': 0.5686567880888745}",-0.9518849747740862,-0.8348625563942185,-0.6797501018352006,-0.5511543640408763,-0.779211463198904,-0.5791199606698302,-0.6652059448779801,-0.5537014489406719,-0.699361351841471,0.1358749887334821,25,-0.5021895762232956,-0.5381842989077269,-0.5634431885278071,-0.5662914546581782,-0.5452811091533606,-0.570846465014454,-0.5669113668645059,-0.5617457680763112,-0.551861653428205,0.021577339473795816
5.969551295042038,3.289036869965557,0.6835528016090393,0.09869264653927577,0.3049351777533246,0.45858948689549434,0.8069657934788643,4.168400713216473,0.0770570006837411,13,192,0.3131564575727753,0.44334858279879663,0.3714861425748342,"{'xgbregressor__colsample_bylevel': 0.3049351777533246, 'xgbregressor__colsample_bynode': 0.45858948689549434, 'xgbregressor__colsample_bytree': 0.8069657934788643, 'xgbregressor__gamma': 4.168400713216473, 'xgbregressor__learning_rate': 0.0770570006837411, 'xgbregressor__max_depth': 13, 'xgbregressor__n_estimators': 192, 'xgbregressor__reg_alpha': 0.3131564575727753, 'xgbregressor__reg_lambda': 0.44334858279879663, 'xgbregressor__subsample': 0.3714861425748342}",-0.9338300535130013,-0.8879214567187751,-0.6591483876571304,-0.5134575953223505,-0.7679864631493717,-0.5800505962458492,-0.6805619262774072,-0.5409522077163256,-0.6954885858250264,0.14619299124152604,22,-0.4833807969331301,-0.5114875888028672,-0.5238487602954457,-0.5229157095123474,-0.5102620669586772,-0.5226211779208577,-0.5151898998288909,-0.5141706211772767,-0.5129845776786865,0.012256778366315621
4.683841794729233,2.373855141170355,0.6033699214458466,0.06117844192043367,0.33118499852357386,0.49393104395114495,0.7416656062863971,3.4730932382840707,0.10243025417889133,20,116,0.9323828786335222,0.6847941796734738,0.34987888091185404,"{'xgbregressor__colsample_bylevel': 0.33118499852357386, 'xgbregressor__colsample_bynode': 0.49393104395114495, 'xgbregressor__colsample_bytree': 0.7416656062863971, 'xgbregressor__gamma': 3.4730932382840707, 'xgbregressor__learning_rate': 0.10243025417889133, 'xgbregressor__max_depth': 20, 'xgbregressor__n_estimators': 116, 'xgbregressor__reg_alpha': 0.9323828786335222, 'xgbregressor__reg_lambda': 0.6847941796734738, 'xgbregressor__subsample': 0.34987888091185404}",-0.9488458638389752,-0.8432001517613626,-0.6621242477711088,-0.5041221606681038,-0.7749082060052626,-0.5935559052137194,-0.6748527186756845,-0.5406983932866322,-0.6927884559026061,0.14351313934514526,19,-0.4745984569166386,-0.4968407916266228,-0.5083423724399699,-0.5048471783271961,-0.49378557626760833,-0.5069827141625233,-0.4994231656146903,-0.49553921855402233,-0.497544934238659,0.010048004711776666
6.444106847047806,3.609344923690034,0.8427048325538635,0.15898998652609256,0.8049636013428065,0.6273850964399976,0.5852984743459323,3.0218455746571293,0.08195366225591613,22,167,0.7368496198881714,0.2643088607944673,0.6761476438087107,"{'xgbregressor__colsample_bylevel': 0.8049636013428065, 'xgbregressor__colsample_bynode': 0.6273850964399976, 'xgbregressor__colsample_bytree': 0.5852984743459323, 'xgbregressor__gamma': 3.0218455746571293, 'xgbregressor__learning_rate': 0.08195366225591613, 'xgbregressor__max_depth': 22, 'xgbregressor__n_estimators': 167, 'xgbregressor__reg_alpha': 0.7368496198881714, 'xgbregressor__reg_lambda': 0.2643088607944673, 'xgbregressor__subsample': 0.6761476438087107}",-0.9501766324965576,-0.8236758867748507,-0.6684484449706323,-0.49020025207445495,-0.7691199977886056,-0.554851163952482,-0.6633341374097392,-0.5318550603885561,-0.6814576969819848,0.148158629582549,4,-0.39089122411787974,-0.40613718969375395,-0.4137283579872217,-0.4150263272165847,-0.4145566375403556,-0.42226953599907946,-0.41713368893687264,-0.41921537708905693,-0.4123697923226006,0.00922917293541658
4.2345989644527435,2.150213365052162,0.4630028307437897,0.051998473698535747,0.4561032648836254,0.6394530954051585,0.8937162110071613,3.0793380534429198,0.1342927787968423,18,100,0.38526650071065677,0.6311918454428598,0.3453535620925452,"{'xgbregressor__colsample_bylevel': 0.4561032648836254, 'xgbregressor__colsample_bynode': 0.6394530954051585, 'xgbregressor__colsample_bytree': 0.8937162110071613, 'xgbregressor__gamma': 3.0793380534429198, 'xgbregressor__learning_rate': 0.1342927787968423, 'xgbregressor__max_depth': 18, 'xgbregressor__n_estimators': 100, 'xgbregressor__reg_alpha': 0.38526650071065677, 'xgbregressor__reg_lambda': 0.6311918454428598, 'xgbregressor__subsample': 0.3453535620925452}",-0.9234317563767079,-0.8301457797734729,-0.6657383763080075,-0.49159700517810423,-0.7757106645509629,-0.5633736733178577,-0.6808765774281381,-0.5397804571658231,-0.6838317862623844,0.1413368833858087,8,-0.43093901534033524,-0.4508666126948194,-0.4666669326315183,-0.4601754036892087,-0.4546747276255719,-0.46212572152993214,-0.4609720495050802,-0.46073391886364495,-0.4558942977350139,0.010439975793415435
5.463862866163254,2.9822321165091608,0.7322101891040802,0.10719210353283859,0.6454468472143591,0.5585150845945919,0.780689742572054,3.0730703492632774,0.061036073883211445,17,100,0.5538065950022024,0.3346115111743644,0.6843304641945804,"{'xgbregressor__colsample_bylevel': 0.6454468472143591, 'xgbregressor__colsample_bynode': 0.5585150845945919, 'xgbregressor__colsample_bytree': 0.780689742572054, 'xgbregressor__gamma': 3.0730703492632774, 'xgbregressor__learning_rate': 0.061036073883211445, 'xgbregressor__max_depth': 17, 'xgbregressor__n_estimators': 100, 'xgbregressor__reg_alpha': 0.5538065950022024, 'xgbregressor__reg_lambda': 0.3346115111743644, 'xgbregressor__subsample': 0.6843304641945804}",-0.9240947972469858,-0.8276302066576804,-0.6509348587837148,-0.501018095888251,-0.7766552957988558,-0.5648481062864005,-0.6774150958002078,-0.5330902466177472,-0.6819608378849804,0.14071995927767583,6,-0.4111959096583377,-0.4411834416635253,-0.4673000609708909,-0.4688530420011582,-0.4652630154405167,-0.48125423125227657,-0.4837074726688933,-0.48229582996688314,-0.4626316254528102,0.02332047302339704
4.890241086483002,2.6113650292109147,0.5830585360527039,0.06358824069113377,0.8509431987861211,0.4597959727809109,0.45033238586579893,3.692992867065086,0.11656204361497297,19,89,0.31520440369929126,0.30061460733019135,0.42701513523462153,"{'xgbregressor__colsample_bylevel': 0.8509431987861211, 'xgbregressor__colsample_bynode': 0.4597959727809109, 'xgbregressor__colsample_bytree': 0.45033238586579893, 'xgbregressor__gamma': 3.692992867065086, 'xgbregressor__learning_rate': 0.11656204361497297, 'xgbregressor__max_depth': 19, 'xgbregressor__n_estimators': 89, 'xgbregressor__reg_alpha': 0.31520440369929126, 'xgbregressor__reg_lambda': 0.30061460733019135, 'xgbregressor__subsample': 0.42701513523462153}",-0.9992484214449486,-0.8611406310470843,-0.6716352820264984,-0.510042458876124,-0.7753220940974738,-0.5605742676932227,-0.6856781067770519,-0.5208990041100048,-0.6980675332590511,0.16192965524736347,23,-0.44846759593332614,-0.4727957270144429,-0.47919234848460956,-0.4775916790387023,-0.46986423904401503,-0.4818130513618709,-0.4752541841559689,-0.4757026269884495,-0.47258518150267315,0.00974564702658618
6.521422117948532,3.388923849046133,0.8355414569377899,0.11042189875683549,0.30273394024981376,0.5958101872762593,0.6728265540807985,4.5662013870706915,0.05405332746382341,13,172,0.4169910428315536,0.9168253043824866,0.5540973003967811,"{'xgbregressor__colsample_bylevel': 0.30273394024981376, 'xgbregressor__colsample_bynode': 0.5958101872762593, 'xgbregressor__colsample_bytree': 0.6728265540807985, 'xgbregressor__gamma': 4.5662013870706915, 'xgbregressor__learning_rate': 0.05405332746382341, 'xgbregressor__max_depth': 13, 'xgbregressor__n_estimators': 172, 'xgbregressor__reg_alpha': 0.4169910428315536, 'xgbregressor__reg_lambda': 0.9168253043824866, 'xgbregressor__subsample': 0.5540973003967811}",-0.9209371779609618,-0.8133179002568044,-0.6683245776522997,-0.520008148634243,-0.7788140235141867,-0.5799728852534021,-0.6761180440907609,-0.5409302303792266,-0.6873028734677357,0.1324087156721927,13,-0.4668383318876008,-0.5120019430045631,-0.5342185028757281,-0.5365730674882083,-0.523742631030634,-0.5437776697804289,-0.5414616763514077,-0.5356221839011736,-0.5242795007899681,0.023728917734942838
3.4644305408000946,1.7614072018889253,0.39459702372550964,0.05517412719392445,0.7279181410900876,0.3680360359558963,0.44440732926129733,5.252819995261489,0.11293878473437341,16,51,0.9193392123731912,0.66518730215848,0.3120523741212407,"{'xgbregressor__colsample_bylevel': 0.7279181410900876, 'xgbregressor__colsample_bynode': 0.3680360359558963, 'xgbregressor__colsample_bytree': 0.44440732926129733, 'xgbregressor__gamma': 5.252819995261489, 'xgbregressor__learning_rate': 0.11293878473437341, 'xgbregressor__max_depth': 16, 'xgbregressor__n_estimators': 51, 'xgbregressor__reg_alpha': 0.9193392123731912, 'xgbregressor__reg_lambda': 0.66518730215848, 'xgbregressor__subsample': 0.3120523741212407}",-0.9885411651934127,-0.8098222277112375,-0.7156854046605687,-0.5881263847524021,-0.791625485124601,-0.6187702326050418,-0.6823769385445925,-0.55330362801552,-0.7185314333259221,0.13330193815802496,32,-0.5449054748451717,-0.5820827027446559,-0.5905961927189244,-0.5972716018871131,-0.5794985076426356,-0.6009941060869606,-0.6062426314249114,-0.6021549159457572,-0.5879682666620163,0.01857123003234896
4.080280363559723,2.196619832932242,0.5073693990707397,0.07157778432136945,0.48051819131681633,0.38012278853615367,0.2436889294037844,2.8293317373503424,0.11373758443213416,24,81,0.4344871981875654,0.3883690825873227,0.6898944092543522,"{'xgbregressor__colsample_bylevel': 0.48051819131681633, 'xgbregressor__colsample_bynode': 0.38012278853615367, 'xgbregressor__colsample_bytree': 0.2436889294037844, 'xgbregressor__gamma': 2.8293317373503424, 'xgbregressor__learning_rate': 0.11373758443213416, 'xgbregressor__max_depth': 24, 'xgbregressor__n_estimators': 81, 'xgbregressor__reg_alpha': 0.4344871981875654, 'xgbregressor__reg_lambda': 0.3883690825873227, 'xgbregressor__subsample': 0.6898944092543522}",-1.034924954695575,-0.888532675509893,-0.8020220153947685,-0.6533890974809675,-0.8200124590962315,-0.6671894763284791,-0.6718930501347933,-0.5972329791925389,-0.7668995884791558,0.13753477076745355,39,-0.5853607529498469,-0.6462337451754667,-0.6553139543232057,-0.6645296668639527,-0.6120827917101306,-0.6537328858871669,-0.6366075418153311,-0.6310643447347433,-0.6356157104324804,0.024408169922024322
6.108609467744827,3.2308782540925662,0.7921010255813599,0.12924825164477977,0.6865780832418491,0.5161251701562708,0.40470937986205957,2.823877322104244,0.10620234508956786,20,150,0.872899738271032,0.9487989575328772,0.6733598109601275,"{'xgbregressor__colsample_bylevel': 0.6865780832418491, 'xgbregressor__colsample_bynode': 0.5161251701562708, 'xgbregressor__colsample_bytree': 0.40470937986205957, 'xgbregressor__gamma': 2.823877322104244, 'xgbregressor__learning_rate': 0.10620234508956786, 'xgbregressor__max_depth': 20, 'xgbregressor__n_estimators': 150, 'xgbregressor__reg_alpha': 0.872899738271032, 'xgbregressor__reg_lambda': 0.9487989575328772, 'xgbregressor__subsample': 0.6733598109601275}",-0.9620036173177421,-0.8260022383279466,-0.7002693870352629,-0.5074659948652824,-0.766745603441578,-0.5462836012213262,-0.6675947747869423,-0.5302021368539152,-0.6883209192312494,0.14935937684631276,15,-0.4315665940697944,-0.4508607134018065,-0.4496399269409357,-0.4527248994235268,-0.4429683032730355,-0.4563697240936818,-0.4498349071172537,-0.4478326029470092,-0.44772470890838045,0.0070835498193529585
5.701892912387848,2.7460112984121787,0.7464863359928131,0.08006542887704167,0.7420218204149899,0.47274581278290867,0.8029699323497954,4.809356375837886,0.05478577650025079,21,97,0.6885657736593294,0.782617699651464,0.48414905280226245,"{'xgbregressor__colsample_bylevel': 0.7420218204149899, 'xgbregressor__colsample_bynode': 0.47274581278290867, 'xgbregressor__colsample_bytree': 0.8029699323497954, 'xgbregressor__gamma': 4.809356375837886, 'xgbregressor__learning_rate': 0.05478577650025079, 'xgbregressor__max_depth': 21, 'xgbregressor__n_estimators': 97, 'xgbregressor__reg_alpha': 0.6885657736593294, 'xgbregressor__reg_lambda': 0.782617699651464, 'xgbregressor__subsample': 0.48414905280226245}",-0.921540682988242,-0.8312215385193951,-0.6661574293621314,-0.4991934076188069,-0.7748472251214894,-0.5557742805455329,-0.6836999152256421,-0.5245186462252824,-0.6821191407008153,0.1425976577796801,7,-0.43740600746491026,-0.4646477704014217,-0.4802059029322265,-0.4825314267767325,-0.4722210362451686,-0.4916249651904471,-0.4859142979076733,-0.4851316119651652,-0.47496037736046814,0.016241042740380657
5.398415207862854,2.924529552642131,0.6649998128414154,0.10978663045384714,0.4730381790939391,0.5974666897940386,0.20987880537262935,3.7839359073678684,0.08134594251515828,21,142,0.9557904513859667,0.5538107696759257,0.3572255308467809,"{'xgbregressor__colsample_bylevel': 0.4730381790939391, 'xgbregressor__colsample_bynode': 0.5974666897940386, 'xgbregressor__colsample_bytree': 0.20987880537262935, 'xgbregressor__gamma': 3.7839359073678684, 'xgbregressor__learning_rate': 0.08134594251515828, 'xgbregressor__max_depth': 21, 'xgbregressor__n_estimators': 142, 'xgbregressor__reg_alpha': 0.9557904513859667, 'xgbregressor__reg_lambda': 0.5538107696759257, 'xgbregressor__subsample': 0.3572255308467809}",-1.0186969571062408,-0.8755343741909558,-0.7528198781184035,-0.6286448352361387,-0.8092029042916452,-0.6053415846697477,-0.688511474991869,-0.5851564270206172,-0.7454885544532022,0.14049662795084747,38,-0.594282934009306,-0.6290695092793654,-0.6320756356599512,-0.6278981812599292,-0.6058857722168826,-0.6102202890671273,-0.6124194654016812,-0.6130611613366836,-0.6156141185288657,0.012239302645321543
5.307762831449509,2.740292797365961,0.7430650889873505,0.10641195720901807,0.34583517664091495,0.3989722405503501,0.6270424836684474,3.434398157347038,0.07170268120556078,20,99,0.331635470344344,0.6825962384915015,0.6374518288816187,"{'xgbregressor__colsample_bylevel': 0.34583517664091495, 'xgbregressor__colsample_bynode': 0.3989722405503501, 'xgbregressor__colsample_bytree': 0.6270424836684474, 'xgbregressor__gamma': 3.434398157347038, 'xgbregressor__learning_rate': 0.07170268120556078, 'xgbregressor__max_depth': 20, 'xgbregressor__n_estimators': 99, 'xgbregressor__reg_alpha': 0.331635470344344, 'xgbregressor__reg_lambda': 0.6825962384915015, 'xgbregressor__subsample': 0.6374518288816187}",-0.9259431477752443,-0.8056916304506878,-0.6711191630775344,-0.5058132027815071,-0.7737100070578256,-0.5588038602665811,-0.6592325661792102,-0.5397570546527609,-0.6800088290301689,0.13705645123690968,2,-0.46917274173414303,-0.5022283268455519,-0.5144866315221872,-0.5110480096387201,-0.5028780009874056,-0.5174653477914468,-0.5194106999085337,-0.5186972338644117,-0.50692337403655,0.015586149806947572
5.726148396730423,3.007493878419839,0.6651588678359985,0.10873527616139428,0.7017610926678028,0.5350565542314054,0.7736834733715301,4.519863373776921,0.08587370356762841,23,146,0.4974232283757815,0.2160082556867403,0.39942148268509914,"{'xgbregressor__colsample_bylevel': 0.7017610926678028, 'xgbregressor__colsample_bynode': 0.5350565542314054, 'xgbregressor__colsample_bytree': 0.7736834733715301, 'xgbregressor__gamma': 4.519863373776921, 'xgbregressor__learning_rate': 0.08587370356762841, 'xgbregressor__max_depth': 23, 'xgbregressor__n_estimators': 146, 'xgbregressor__reg_alpha': 0.4974232283757815, 'xgbregressor__reg_lambda': 0.2160082556867403, 'xgbregressor__subsample': 0.39942148268509914}",-0.9521377472093489,-0.8299632328445105,-0.6779956468979249,-0.48344930017161286,-0.7734590425646274,-0.5674624258958565,-0.6804360026250301,-0.5462498092431789,-0.6888941509315112,0.14741093674551436,17,-0.43550437422939287,-0.45243810116616495,-0.4593204743092167,-0.4594227856623288,-0.4508686215790362,-0.46329302258612176,-0.45561131992775405,-0.45732403902209606,-0.4542228423102639,0.007997311026194737
5.800565779209137,2.9334100410514585,0.7367337048053741,0.08956393361675069,0.6834774227823353,0.4817034945125612,0.5309306949387596,4.4302977806812756,0.052923538311640476,14,132,1.0886452825010955,0.272640248639215,0.6632318191681479,"{'xgbregressor__colsample_bylevel': 0.6834774227823353, 'xgbregressor__colsample_bynode': 0.4817034945125612, 'xgbregressor__colsample_bytree': 0.5309306949387596, 'xgbregressor__gamma': 4.4302977806812756, 'xgbregressor__learning_rate': 0.052923538311640476, 'xgbregressor__max_depth': 14, 'xgbregressor__n_estimators': 132, 'xgbregressor__reg_alpha': 1.0886452825010955, 'xgbregressor__reg_lambda': 0.272640248639215, 'xgbregressor__subsample': 0.6632318191681479}",-0.9367676792334301,-0.8413657896906288,-0.6709162691705528,-0.5286452427142411,-0.7784916264516829,-0.5741679101107106,-0.6726206758026303,-0.5418847853571067,-0.6931074973163729,0.13857136369300826,20,-0.45939670982415987,-0.5000537960620214,-0.5324049084097502,-0.5305898140279222,-0.5282265108759895,-0.5483858340645915,-0.5462575723343485,-0.5433633298201515,-0.5235848094273667,0.028157071088677033
4.172010660171509,2.223798073407108,0.4679967761039734,0.06485827674826584,0.8247652532190384,0.43765875059435133,0.3685790797238061,3.4680426918459104,0.14233573959187223,15,68,0.42225651357771793,0.3478986619408831,0.568294067787016,"{'xgbregressor__colsample_bylevel': 0.8247652532190384, 'xgbregressor__colsample_bynode': 0.43765875059435133, 'xgbregressor__colsample_bytree': 0.3685790797238061, 'xgbregressor__gamma': 3.4680426918459104, 'xgbregressor__learning_rate': 0.14233573959187223, 'xgbregressor__max_depth': 15, 'xgbregressor__n_estimators': 68, 'xgbregressor__reg_alpha': 0.42225651357771793, 'xgbregressor__reg_lambda': 0.3478986619408831, 'xgbregressor__subsample': 0.568294067787016}",-0.9640827078641999,-0.8346994143769608,-0.6906717159312558,-0.5246927674022017,-0.7741578622130225,-0.5749136872316722,-0.6797746572009291,-0.5471858111362614,-0.6987723279195629,0.14300280113543995,24,-0.46276369616612345,-0.4828724396110865,-0.5148169167568843,-0.5085416577362177,-0.49929876998108097,-0.53533361952794,-0.52392781410444,-0.5284556487186884,-0.5070013203253076,0.022944142283679768
5.726207375526428,2.9559190921169245,0.729680985212326,0.09367613825518357,0.8383688310490016,0.6308667859583353,0.7884777680996709,4.469345397600318,0.05253009089895087,20,89,0.8030294035228491,0.23763638895979788,0.31600315955992936,"{'xgbregressor__colsample_bylevel': 0.8383688310490016, 'xgbregressor__colsample_bynode': 0.6308667859583353, 'xgbregressor__colsample_bytree': 0.7884777680996709, 'xgbregressor__gamma': 4.469345397600318, 'xgbregressor__learning_rate': 0.05253009089895087, 'xgbregressor__max_depth': 20, 'xgbregressor__n_estimators': 89, 'xgbregressor__reg_alpha': 0.8030294035228491, 'xgbregressor__reg_lambda': 0.23763638895979788, 'xgbregressor__subsample': 0.31600315955992936}",-0.9282933532473236,-0.8128632401224645,-0.6689160105855108,-0.5145683388384481,-0.7773257627319611,-0.563407434602029,-0.6910061464726309,-0.5289960652146815,-0.6856720439768812,0.13807823710396464,10,-0.4586641335180139,-0.48074546628218884,-0.4952719432451269,-0.49729136460075474,-0.48910835395526175,-0.5046578491221214,-0.5059208325368082,-0.5014776633201327,-0.49164220082255106,0.014696185538306473
5.854504466056824,2.9817042080564202,0.6754625141620636,0.09128220736799136,0.8175224223704485,0.3863894276267678,0.23044575066120612,2.818765644837841,0.13227255419065462,24,152,0.8115923167030066,0.6332654229646071,0.5219509395949287,"{'xgbregressor__colsample_bylevel': 0.8175224223704485, 'xgbregressor__colsample_bynode': 0.3863894276267678, 'xgbregressor__colsample_bytree': 0.23044575066120612, 'xgbregressor__gamma': 2.818765644837841, 'xgbregressor__learning_rate': 0.13227255419065462, 'xgbregressor__max_depth': 24, 'xgbregressor__n_estimators': 152, 'xgbregressor__reg_alpha': 0.8115923167030066, 'xgbregressor__reg_lambda': 0.6332654229646071, 'xgbregressor__subsample': 0.5219509395949287}",-1.0126065384681762,-0.8197097105058991,-0.7361467646554406,-0.5705020567350708,-0.7930731204261501,-0.5820553763960649,-0.6991081160795446,-0.5596480716774844,-0.7216062193679789,0.1452015573642622,35,-0.49392554449329124,-0.535041242067114,-0.5355133888722315,-0.5393652897841985,-0.5203402628950504,-0.5376026043852568,-0.5373094364103949,-0.5252231186790447,-0.5280401109483228,0.01432442765301505
5.023294657468796,2.636383017670502,0.6874183118343353,0.07629696557093753,0.5930700251417861,0.6516929718147071,0.2998919113529313,4.820135410004708,0.08570087705758389,22,87,0.3992630796760633,0.37934831686325854,0.5798056447795765,"{'xgbregressor__colsample_bylevel': 0.5930700251417861, 'xgbregressor__colsample_bynode': 0.6516929718147071, 'xgbregressor__colsample_bytree': 0.2998919113529313, 'xgbregressor__gamma': 4.820135410004708, 'xgbregressor__learning_rate': 0.08570087705758389, 'xgbregressor__max_depth': 22, 'xgbregressor__n_estimators': 87, 'xgbregressor__reg_alpha': 0.3992630796760633, 'xgbregressor__reg_lambda': 0.37934831686325854, 'xgbregressor__subsample': 0.5798056447795765}",-1.0697436355151053,-0.8583881692169169,-0.7596108642192859,-0.6114625706525353,-0.8002754257429651,-0.6229934293771874,-0.6509293321965727,-0.560417839994158,-0.7417276583643407,0.1569777861105123,37,-0.5041999921262681,-0.5362429083936874,-0.5650166598070832,-0.5591124795926569,-0.5364650576076525,-0.5700490991557416,-0.5464619225006007,-0.5400703746311714,-0.5447023117268577,0.01958056476888974
4.672262042760849,2.3280859473012785,0.5642199814319611,0.03396019042496752,0.4273727329519993,0.38231972805468883,0.7218032900742117,4.4263207228569375,0.08526223532431661,16,87,0.622429210441605,0.23030746401420243,0.6566784649361672,"{'xgbregressor__colsample_bylevel': 0.4273727329519993, 'xgbregressor__colsample_bynode': 0.38231972805468883, 'xgbregressor__colsample_bytree': 0.7218032900742117, 'xgbregressor__gamma': 4.4263207228569375, 'xgbregressor__learning_rate': 0.08526223532431661, 'xgbregressor__max_depth': 16, 'xgbregressor__n_estimators': 87, 'xgbregressor__reg_alpha': 0.622429210441605, 'xgbregressor__reg_lambda': 0.23030746401420243, 'xgbregressor__subsample': 0.6566784649361672}",-0.9313263469416633,-0.8153089875808507,-0.6507728613015046,-0.5223399648509266,-0.7813865415584544,-0.5746548564329312,-0.671790332953913,-0.5320263254297993,-0.6849507771312553,0.13708059793167446,9,-0.457491025810532,-0.4971707825227121,-0.520107828391843,-0.5208861167247657,-0.5133435553693064,-0.5288034465532206,-0.5249904479576429,-0.5261660546086729,-0.5111199072423369,0.022313749130780512
4.482077270746231,2.225098638510569,0.5458292067050934,0.06396939063678025,0.3154298209035384,0.4499006726238568,0.4091899679849097,2.9899257330646654,0.10225590661909423,20,82,0.6732214354449522,0.8634390356276267,0.4591825344341792,"{'xgbregressor__colsample_bylevel': 0.3154298209035384, 'xgbregressor__colsample_bynode': 0.4499006726238568, 'xgbregressor__colsample_bytree': 0.4091899679849097, 'xgbregressor__gamma': 2.9899257330646654, 'xgbregressor__learning_rate': 0.10225590661909423, 'xgbregressor__max_depth': 20, 'xgbregressor__n_estimators': 82, 'xgbregressor__reg_alpha': 0.6732214354449522, 'xgbregressor__reg_lambda': 0.8634390356276267, 'xgbregressor__subsample': 0.4591825344341792}",-0.9793732937646376,-0.8341963226170074,-0.7073187886380596,-0.5635375997028821,-0.7806956412131888,-0.58082264714736,-0.6848073661791999,-0.5626791397376482,-0.711678849874998,0.138494286925925,28,-0.5297558299748683,-0.5642227543153278,-0.5847790218380943,-0.5764831819750728,-0.5649083669661924,-0.5637117872122653,-0.55874732210785,-0.5631518901140107,-0.5632200193129602,0.014935952993374515
