mean_fit_time,std_fit_time,mean_score_time,std_score_time,param_elasticnet__alpha,param_elasticnet__l1_ratio,params,split0_test_score,split1_test_score,split2_test_score,split3_test_score,split4_test_score,split5_test_score,split6_test_score,split7_test_score,mean_test_score,std_test_score,rank_test_score,split0_train_score,split1_train_score,split2_train_score,split3_train_score,split4_train_score,split5_train_score,split6_train_score,split7_train_score,mean_train_score,std_train_score
1.5448456704616547,0.7530148698000979,0.10917481780052185,0.02347879230256122,0.0859778803441964,0.48461588034815517,"{'elasticnet__alpha': 0.0859778803441964, 'elasticnet__l1_ratio': 0.48461588034815517}",-1.1965557024597901,-1.01270447922643,-1.055003708347287,-1.0029156200903266,-1.1123899559713304,-1.2369143788383523,-1.237460478884648,-1.0240768300556322,-1.1097526442342245,0.09433412113623095,26,-1.0841450505830756,-1.0645715620750071,-1.0434765616405717,-1.0445226519006465,-1.0367790371618582,-1.0544590011623445,-1.084828971207549,-1.1100623067335056,-1.0653556428080697,0.02392597917986962
0.9213637411594391,0.4637276146848827,0.09892863035202026,0.02139560291372836,0.6926093132782792,0.06179184849115993,"{'elasticnet__alpha': 0.6926093132782792, 'elasticnet__l1_ratio': 0.06179184849115993}",-1.4536912662872525,-1.2724321610983163,-1.3445151150903087,-1.2891971581511483,-1.3305162527560523,-1.3806321105737813,-1.2701734457401708,-1.1119665794754006,-1.3066405111465538,0.09341137935427901,46,-1.2770249857393692,-1.2986324848566657,-1.2805519345324339,-1.287854005207533,-1.2845002865615551,-1.2958054996505282,-1.314678431358001,-1.3208951234554636,-1.2949928439201936,0.014852602478264232
2.968294531106949,1.6500531954532736,0.10615617036819458,0.01570011305345821,0.014260501289848038,0.2405733384927975,"{'elasticnet__alpha': 0.014260501289848038, 'elasticnet__l1_ratio': 0.2405733384927975}",-0.9790336437814076,-0.8091905190235678,-0.8942660025506601,-0.7947652929894031,-1.0323047239573895,-1.1081205765296058,-1.0655559798584076,-0.856835003925862,-0.942508967827038,0.11249139740141456,1,-0.8324286766143703,-0.817855506362478,-0.8090971775143796,-0.8268681672258396,-0.8191941724090641,-0.8486844485728433,-0.8825172842073062,-0.9027582580937283,-0.8424254613750012,0.031390067351965256
0.880966067314148,0.4430637069465279,0.09970572590827942,0.022157385888815335,0.3229199090118059,0.5543620577099102,"{'elasticnet__alpha': 0.3229199090118059, 'elasticnet__l1_ratio': 0.5543620577099102}",-1.4381611755589352,-1.243208779334593,-1.2963416579568228,-1.2249460541205688,-1.2308179138058544,-1.3387556804786211,-1.2849560058220915,-1.1279238581310094,-1.2731388906510621,0.0853761984193367,42,-1.2621097061296631,-1.265703304179874,-1.248010551488284,-1.2475929710960165,-1.2364108169504995,-1.2442812220637347,-1.2667774720678742,-1.2848624924489471,-1.2569685670531117,0.014700128782711671
0.9944288432598114,0.47569227950708604,0.0898473858833313,0.0012466477229534298,0.12899883001260615,0.5452911911400554,"{'elasticnet__alpha': 0.12899883001260615, 'elasticnet__l1_ratio': 0.5452911911400554}",-1.2541443553258769,-1.0708714846050318,-1.1072623991331711,-1.042256620663425,-1.129110433442841,-1.2541056123672827,-1.2440106345879682,-1.0450837460672058,-1.1433556607741004,0.08754220506119963,32,-1.1348157337458387,-1.1204684630940827,-1.0944293630757127,-1.0888302355374986,-1.0782050215571586,-1.0935036900864818,-1.1236476669960431,-1.1487692846183402,-1.1103336823388945,0.023418708895059502
1.1546415090560913,0.5814790338465008,0.10588663816452026,0.024831320507133877,0.11906681084180158,0.44835002350939457,"{'elasticnet__alpha': 0.11906681084180158, 'elasticnet__l1_ratio': 0.44835002350939457}",-1.2339135204485374,-1.0487095864123936,-1.0915871478423,-1.0330328387269831,-1.1275716774049234,-1.249778612726829,-1.2408153193818205,-1.037409755280074,-1.1328523072779826,0.08904005042634265,31,-1.1182812815298915,-1.100265664014996,-1.0775710332010362,-1.0748565152749716,-1.0659859066472526,-1.0808999802168366,-1.1116746360989924,-1.1376727210916708,-1.095900967259456,0.023485136249039845
2.8592830896377563,1.5589895511217124,0.10107672214508057,0.011289001916645346,0.021157628438958877,0.041026795801027416,"{'elasticnet__alpha': 0.021157628438958877, 'elasticnet__l1_ratio': 0.041026795801027416}",-0.9657056601026824,-0.8187963108584778,-0.9032382304948368,-0.8013911360581354,-1.0330176934365276,-1.1071493202378395,-1.0583307906210992,-0.8528459811000277,-0.9425593903637034,0.10842724624063521,2,-0.8370007894292018,-0.8202796737418409,-0.8103715051019666,-0.8273556839912675,-0.8196359680433717,-0.848503857659563,-0.8823183761966975,-0.902893139328005,-0.8435448741864892,0.03075809900685743
1.7311188578605652,0.8127495055066226,0.09916383028030396,0.018518670155700707,0.05138432303528708,0.24810940643829427,"{'elasticnet__alpha': 0.05138432303528708, 'elasticnet__l1_ratio': 0.24810940643829427}",-1.1033607313136307,-0.902313244434415,-0.9748692407298238,-0.9119015095687676,-1.0716713254745613,-1.1771487036058208,-1.1641017102540447,-0.944060788564913,-1.0311784067432472,0.10453426858020222,12,-0.9676686200718104,-0.9472133703593458,-0.9317122584892308,-0.9433694923496113,-0.9357824457871134,-0.9588121131037606,-0.9927540494203918,-1.0140123152276277,-0.9614155831011115,0.027067285809506257
1.2324012219905853,0.5990211304917478,0.09636124968528748,0.011675693286749523,0.07664533117771133,0.6505660183903087,"{'elasticnet__alpha': 0.07664533117771133, 'elasticnet__l1_ratio': 0.6505660183903087}",-1.2012720553081457,-1.0186156575372063,-1.0601957504273989,-1.0046645145168096,-1.110586653390376,-1.2429294763705938,-1.252223929800694,-1.0391015765452143,-1.116198701737055,0.09544314091770004,27,-1.0948211783488706,-1.0725313348266265,-1.051740736142783,-1.052418528525694,-1.0439734523081994,-1.0602221663880738,-1.09190166373495,-1.1180841608451333,-1.0732116526400413,0.024359921793884937
1.5858953595161438,0.8151068830704193,0.09180369973182678,0.0036396016117914765,0.06695603904996064,0.21439569565842043,"{'elasticnet__alpha': 0.06695603904996064, 'elasticnet__l1_ratio': 0.21439569565842043}",-1.126690112131669,-0.9273716335183542,-0.9954892132545933,-0.9376610897041505,-1.0835011325239823,-1.1899202369984985,-1.1768706329994583,-0.9583232274044515,-1.0494784098168948,0.10106257746166393,14,-0.995578092552138,-0.9748883469069852,-0.9572138689224456,-0.966966256286599,-0.9593682741275633,-0.9810924642958229,-1.014887320018775,-1.0366022927995133,-0.9858246144887304,0.02630182830385815
0.9308030307292938,0.4874471383130013,0.10417026281356812,0.027703275192829672,0.1724958367760211,0.5724340171365104,"{'elasticnet__alpha': 0.1724958367760211, 'elasticnet__l1_ratio': 0.5724340171365104}",-1.2973390835000898,-1.1162711644033803,-1.1517914772356261,-1.0839377839208044,-1.1453362315130091,-1.2675737613617868,-1.2472944708466194,-1.0586362190266354,-1.171022523975994,0.08316939654636468,35,-1.1620985445524965,-1.1570111950616129,-1.1306385086898199,-1.1257557187981788,-1.1127010982775298,-1.1258288473689761,-1.1544004754780126,-1.1779093950046482,-1.1432929729039092,0.021130728976596937
1.7342987954616547,0.8817500332502299,0.09095093607902527,0.005190963070344447,0.054637509939289335,0.40497293468933726,"{'elasticnet__alpha': 0.054637509939289335, 'elasticnet__l1_ratio': 0.40497293468933726}",-1.1310055741351193,-0.9378002336596791,-0.9975556865986042,-0.9410950389766547,-1.0822725087090437,-1.1966278168524103,-1.1962215890183083,-0.9750334678390669,-1.0572014894736108,0.1017892805498628,16,-1.007010261841216,-0.9850099440300059,-0.9675964199896402,-0.9777295730960625,-0.9701091762468662,-0.9910272801451384,-1.0238958587068272,-1.0476568362999252,-0.9962544187944602,0.0262767282690128
1.9434947073459625,1.0119239634748187,0.09355524182319641,0.0123821835946916,0.03327477479727474,0.4834888314838477,"{'elasticnet__alpha': 0.03327477479727474, 'elasticnet__l1_ratio': 0.4834888314838477}",-1.0891796124141235,-0.8922796295647982,-0.9648382715436855,-0.8949009115784485,-1.0621462324890054,-1.171020325597187,-1.1693545852453004,-0.9436707761195794,-1.023423793069016,0.1074787870609301,10,-0.9528463600346783,-0.9326253956247366,-0.9198369382917184,-0.9327494020181027,-0.9251820655728435,-0.9485156768692011,-0.9828649755218432,-1.0037727076972784,-0.9497991902038003,0.027628774090466216
1.5110419690608978,0.7681312521195407,0.09346967935562134,0.011887736618703279,0.07240380129235022,0.15607484554091067,"{'elasticnet__alpha': 0.07240380129235022, 'elasticnet__l1_ratio': 0.15607484554091067}",-1.1221043725241906,-0.9198313510587901,-0.9918200664333082,-0.9336105411875113,-1.0831578735914715,-1.1853096247829118,-1.1636763614653933,-0.9483049061769712,-1.0434768871525686,0.10087508791241463,13,-0.987256551906884,-0.9673800177349309,-0.9499418238059781,-0.9600686004390605,-0.9526288983639355,-0.9749408742410881,-1.0082693172542119,-1.0298045224959933,-0.9787863257802603,0.026351728640908928
0.9026834070682526,0.43964146787791725,0.09038293361663818,0.004246248767501875,0.277032326075666,0.29482611629878375,"{'elasticnet__alpha': 0.277032326075666, 'elasticnet__l1_ratio': 0.29482611629878375}",-1.3425123671954697,-1.156794606373939,-1.2082268259976938,-1.1415744284104317,-1.2004292715302591,-1.2947268668794192,-1.2410420179026553,-1.0629550558866672,-1.2060326800220669,0.08276902396201773,38,-1.1927743141627756,-1.1950401767739558,-1.170758181734774,-1.1680997914877584,-1.1590561951414933,-1.171322729802378,-1.19739273450395,-1.2161926072529412,-1.1838295913575034,0.01811573915413057
1.1987360119819641,0.6496947306695153,0.10293036699295044,0.014889440290222813,0.10925430563999561,0.509836007401166,"{'elasticnet__alpha': 0.10925430563999561, 'elasticnet__l1_ratio': 0.509836007401166}",-1.2294001111735704,-1.0459231743872806,-1.0868794125610655,-1.026581524158174,-1.1226707068115642,-1.2482220300100997,-1.2436899620557125,-1.039208298936651,-1.1303219025117648,0.08993187652029672,30,-1.1162699034722783,-1.098342020982426,-1.074381208537139,-1.0713150241234255,-1.0620058445508158,-1.0771801484031078,-1.1081542123476738,-1.1346451487575904,-1.092786688896807,0.023878424101458975
2.2572129666805267,1.1451945567111383,0.0944581925868988,0.008626977586574306,0.031057302372355135,0.5324512521744027,"{'elasticnet__alpha': 0.031057302372355135, 'elasticnet__l1_ratio': 0.5324512521744027}",-1.086771237669559,-0.8897267562376,-0.9629952602209397,-0.8916937772612159,-1.0601904171246435,-1.1697134741804176,-1.1688823204086196,-0.9427146650821554,-1.0215859885231438,0.10798714205737217,8,-0.9498863333223864,-0.9294997878404769,-0.9171221496883947,-0.9304154926694989,-0.9229182173927766,-0.9466224730128017,-0.9809514583874537,-1.0018301700419012,-0.9474057602944612,0.027883971405200516
1.6807020008563995,0.8928648409688827,0.09922325611114502,0.012899342612462032,0.04452273632721864,0.8694194843652431,"{'elasticnet__alpha': 0.04452273632721864, 'elasticnet__l1_ratio': 0.8694194843652431}",-1.149522499341057,-0.9699963881363959,-1.0233984293500522,-0.9629122287261734,-1.0935324058246312,-1.2232582246823682,-1.2400754649164134,-1.0175865340069943,-1.0850352718730107,0.10239034681606345,22,-1.0388597063755236,-1.0211813857062593,-1.0068830087228662,-1.0136422882289722,-1.0055955898032662,-1.0252576647883032,-1.0562878389133779,-1.0806087580895818,-1.0310395300785187,0.024545746177688964
2.2106232047080994,1.2340459505576178,0.09008410573005676,0.005439879411125301,0.045610097253825345,0.6618347596753246,"{'elasticnet__alpha': 0.045610097253825345, 'elasticnet__l1_ratio': 0.6618347596753246}",-1.1357008012251484,-0.9493978380732018,-1.0027201569639623,-0.9451883346684818,-1.0836180450360475,-1.205472800934664,-1.21391600292093,-0.9898519052917034,-1.0657332356392675,0.10277051347890287,17,-1.0177294865459132,-0.997871150437682,-0.9812443887439289,-0.990161312874217,-0.9821097920247522,-1.001779596509328,-1.0332650386142188,-1.0566016079647569,-1.0075952967143498,0.024848195300392673
2.5583540499210358,1.3436785076279028,0.09726306796073914,0.013817988020661101,0.019329715555544195,0.3895502480391939,"{'elasticnet__alpha': 0.019329715555544195, 'elasticnet__l1_ratio': 0.3895502480391939}",-1.0394354192273445,-0.8311313899947749,-0.9142407870214274,-0.828466027491976,-1.0419273630347754,-1.1323562816509756,-1.104358136349843,-0.8857700534055656,-0.9722106822720853,0.11395587249921511,5,-0.872370382024738,-0.8569786653288675,-0.8473707821483657,-0.8638268390120285,-0.8564106584948623,-0.8850217857339279,-0.9183339028953676,-0.9381524407928872,-0.8798081820538806,0.030304713757538147
0.9666092395782471,0.4953036375228869,0.09321975708007812,0.013216584132437927,0.2535194274744887,0.27205583018951585,"{'elasticnet__alpha': 0.2535194274744887, 'elasticnet__l1_ratio': 0.27205583018951585}",-1.3235410139308617,-1.1355504906732283,-1.188200416203453,-1.1220179780041242,-1.1892581725599405,-1.2856459545950334,-1.2362005393038704,-1.053571153681533,-1.1917482148690055,0.08313717137987524,37,-1.1797994742253224,-1.1775763233460723,-1.153286104665419,-1.1498713826603877,-1.1409938703226263,-1.1540877664911198,-1.1811179276425128,-1.2013516254030367,-1.1672605593445622,0.019297011062395703
1.0038042068481445,0.48534620041347926,0.08900308609008789,0.0022191377784132743,0.26479284795167723,0.13209311323073902,"{'elasticnet__alpha': 0.26479284795167723, 'elasticnet__l1_ratio': 0.13209311323073902}",-1.2985206220568266,-1.109101243399766,-1.1673756548938243,-1.1126259852246567,-1.191342169800187,-1.2782298111775918,-1.2207105509139022,-1.0324199143701354,-1.1762907439796113,0.08431881915140538,36,-1.15712023289713,-1.1516002720441394,-1.1284087670384155,-1.1310619941352043,-1.1245673462397514,-1.1390434069979771,-1.1658365376511066,-1.184294438032268,-1.1477416243794991,0.01946489507658447
0.889113575220108,0.431303066179763,0.09719592332839966,0.015476865734799143,0.20620059200293928,0.7988966418722062,"{'elasticnet__alpha': 0.20620059200293928, 'elasticnet__l1_ratio': 0.7988966418722062}",-1.3697533977818066,-1.177316055610632,-1.2172754774234342,-1.1441988140738644,-1.1632410463358887,-1.2984580514884767,-1.277972205508885,-1.1052161287992226,-1.2191788971277764,0.08359815095989677,39,-1.213653429097124,-1.2067326647332612,-1.1863715951504294,-1.1821253602267772,-1.1690441713385598,-1.180959060885248,-1.2068673766783293,-1.229854444696873,-1.1969510128508252,0.019111122109550367
2.2886040806770325,1.5220144131186493,0.09586793184280396,0.007029418469612208,0.03885517331194246,0.9035788753623436,"{'elasticnet__alpha': 0.03885517331194246, 'elasticnet__l1_ratio': 0.9035788753623436}",-1.1348372343867101,-0.9519537028713912,-1.0096932111607937,-0.9468973150723772,-1.0861266058820211,-1.2127114163381127,-1.2282248509337832,-1.0028272016576105,-1.07165894228785,0.1043323190517524,19,-1.0201516558567747,-1.0011087704593467,-0.9873752485376035,-0.9975996973847918,-0.9900101013711355,-1.0099412272907107,-1.0410875095610173,-1.064031549879599,-1.0139132200426224,0.025026715147938996
2.3581943213939667,1.318199271739381,0.12355861067771912,0.027311599163095685,0.044478393110211685,0.7598614309651948,"{'elasticnet__alpha': 0.044478393110211685, 'elasticnet__l1_ratio': 0.7598614309651948}",-1.1415039407217706,-0.9573266725782879,-1.0088312438744989,-0.9517851212367,-1.087799505651095,-1.213123287780827,-1.2258089892366892,-1.0014184195283438,-1.0734496475760265,0.10320503754926469,20,-1.027132488284884,-1.0065257801663732,-0.9906733792289178,-0.9996536093496168,-0.9918222773941537,-1.011518934039576,-1.043241169727125,-1.0661388947536055,-1.0170883166180316,0.02493364242624693
2.924000233411789,1.8137818383174242,0.12265685200691223,0.012029474769977826,0.03275271263518452,0.9770389012853139,"{'elasticnet__alpha': 0.03275271263518452, 'elasticnet__l1_ratio': 0.9770389012853139}",-1.1172384234389612,-0.9323293610657948,-0.9977731678515975,-0.9285697565431343,-1.0767984387181182,-1.1995971609047742,-1.2131735401513695,-0.9847614601150232,-1.0562801635985966,0.10577331031369813,15,-0.9968411227463092,-0.9790239800457023,-0.9676489338609544,-0.9793339374124365,-0.9718606513504141,-0.9918354887874063,-1.0227237102518667,-1.0445061139291194,-0.9942217422980261,0.02503044849706972
1.247900366783142,0.8597844171496618,0.15105518698692322,0.10866115336787298,0.4874285719400154,0.18189482639128973,"{'elasticnet__alpha': 0.4874285719400154, 'elasticnet__l1_ratio': 0.18189482639128973}",-1.4290121879330098,-1.2456990147796612,-1.309652927115643,-1.2445700362485324,-1.2838321037315823,-1.3513373465611966,-1.2631654624228068,-1.1030196096457607,-1.2787860860547742,0.08818527493285931,43,-1.2568311415410511,-1.273528326481848,-1.2531496166058618,-1.2555546154975836,-1.2488148314848486,-1.2592516298525902,-1.2807905194433986,-1.292201925663208,-1.2650153258212988,0.014376179518295278
3.4029251039028168,1.9954325476304868,0.14334732294082642,0.03559962725606069,0.026093282894919197,0.8316661376449512,"{'elasticnet__alpha': 0.026093282894919197, 'elasticnet__l1_ratio': 0.8316661376449512}",-1.0866720828551168,-0.8914623354348219,-0.9634073161012855,-0.8911076040586884,-1.0585272693497523,-1.17071707630051,-1.1767275550766294,-0.9480101283482819,-1.0233289209406358,0.10876608009984103,9,-0.9512310919017996,-0.9314267616677563,-0.921523047237221,-0.9360449798731949,-0.9293922955280268,-0.9520719467159784,-0.9850833436567843,-1.0075271577460105,-0.9517875780408465,0.028053034684472188
1.3128445744514465,0.7275976672789384,0.13418248295783997,0.024721989808742822,0.3779091050988887,0.533819166871845,"{'elasticnet__alpha': 0.3779091050988887, 'elasticnet__l1_ratio': 0.533819166871845}",-1.4805700005215219,-1.2832527711701944,-1.3388037985763857,-1.2688784647812,-1.265001072639014,-1.366213578445953,-1.3005887794772473,-1.148337542990789,-1.306455751075288,0.08918931840400292,45,-1.293844544194414,-1.3012333144706778,-1.284504326392538,-1.28643609832274,-1.2765027193953202,-1.281965784708869,-1.3016105948592054,-1.3163706949281557,-1.29280850965899,0.012235780260326283
1.5463337004184723,0.7619694662193498,0.15357649326324463,0.04125188235153262,0.08900704369482325,0.5984976580724792,"{'elasticnet__alpha': 0.08900704369482325, 'elasticnet__l1_ratio': 0.5984976580724792}",-1.2132102884898655,-1.0307937219023844,-1.071512853578332,-1.0133308046526974,-1.1143783070945597,-1.2447082943285055,-1.2487880869999572,-1.0404118200664692,-1.1221417721390963,0.09276512873722588,29,-1.104951790917399,-1.084415530429571,-1.062228040929458,-1.0603875314350797,-1.05131671613048,-1.066842462801778,-1.0982726707107202,-1.1255678296347278,-1.0817478216236518,0.024301003937940203
3.29695001244545,2.4218780956629518,0.13847419619560242,0.031230229531799304,0.024300527487089413,0.8794728870474283,"{'elasticnet__alpha': 0.024300527487089413, 'elasticnet__l1_ratio': 0.8794728870474283}",-1.082515574580053,-0.886830947475133,-0.9598745272859933,-0.8858873522091121,-1.0563127258877438,-1.1674993395605309,-1.1733988996337974,-0.9440964119143549,-1.01955197231834,0.10932126330048315,6,-0.9449700781861392,-0.9257298311564448,-0.9163040501824165,-0.9311061093977016,-0.9245374375479924,-0.9476865226071165,-0.9808183331813803,-1.0029045102522636,-0.946757109063932,0.0283393669251434
1.9485324025154114,1.0120119014839817,0.13208651542663574,0.025479502380154773,0.07285678458397611,0.0709517883760985,"{'elasticnet__alpha': 0.07285678458397611, 'elasticnet__l1_ratio': 0.0709517883760985}",-1.0998438771874128,-0.8944055792168009,-0.9719774884921784,-0.9094737789469614,-1.0739998933000827,-1.1670160644215855,-1.1313052088683957,-0.9208170588800617,-1.0211048686641848,0.10211345499903503,7,-0.956873029829964,-0.9368341119304531,-0.9205624721157658,-0.9314256948342954,-0.9241593768937626,-0.9481428089110011,-0.9811276833823875,-1.0022345182034813,-0.9501699620126389,0.02692695080515275
1.224014014005661,0.5970212505149866,0.13213446736335754,0.03012238705972908,0.14966682886442742,0.7082375188674955,"{'elasticnet__alpha': 0.14966682886442742, 'elasticnet__l1_ratio': 0.7082375188674955}",-1.2878863053305396,-1.1090537272959282,-1.1388731411242914,-1.0704835910114145,-1.1314274436208243,-1.2627661471664655,-1.2529123193830967,-1.0617605460659711,-1.1643954026248164,0.08434776694414402,34,-1.156507411402063,-1.1494313945395258,-1.1223714064477566,-1.1169168983755058,-1.103393514798554,-1.117010700086042,-1.146095397170591,-1.1706650412017854,-1.135298970502728,0.022006495025992716
1.570490300655365,0.7964669850024364,0.12424394488334656,0.010628206499975115,0.17497217158791245,0.045076206449937706,"{'elasticnet__alpha': 0.17497217158791245, 'elasticnet__l1_ratio': 0.045076206449937706}",-1.1993882882782445,-1.0010606554535852,-1.0724349039874677,-1.0198023764780415,-1.1367153761118005,-1.2219488085431915,-1.1701190959904286,-0.9704574263275749,-1.0989908663962917,0.08997768406818162,25,-1.0604419164689116,-1.0481156097483504,-1.0262929136405399,-1.033031981193034,-1.0270063239343972,-1.046240265402929,-1.0765294319743388,-1.0960333472363304,-1.0517114736998538,0.02319702452945821
1.7689417004585266,0.8935097704013609,0.14333757758140564,0.03188856925483896,0.04437185189964308,0.9691628992734008,"{'elasticnet__alpha': 0.04437185189964308, 'elasticnet__l1_ratio': 0.9691628992734008}",-1.1583600128717453,-0.9823472595377627,-1.0306269529497385,-0.9711239192430644,-1.0973335586875737,-1.2305119368506223,-1.2498385185639331,-1.0267626505260994,-1.0933631011538174,0.10196390381636593,24,-1.051486331355522,-1.0351161766447736,-1.0182450147852506,-1.0239334545436942,-1.0161539050278354,-1.035290895209219,-1.0647196392663705,-1.0886680022624737,-1.0417016773868923,0.023543794508231363
1.068806141614914,0.5439322938125062,0.11773574352264404,0.01558425112386776,0.7532522506946733,0.4111918910269041,"{'elasticnet__alpha': 0.7532522506946733, 'elasticnet__l1_ratio': 0.4111918910269041}",-1.6363695048003455,-1.4462583030486211,-1.5036188757930378,-1.442158496268388,-1.4260253971732486,-1.4923422670707234,-1.3737003159060706,-1.241612709634707,-1.4452607337118928,0.10554556730276424,48,-1.4090181320791093,-1.4414310284078058,-1.427864259533709,-1.4391082078696362,-1.4325022743907558,-1.430654854479101,-1.4424819332262544,-1.4466723978499942,-1.4337166359795457,0.011115184908822866
2.5491737127304077,1.1752258438286358,0.16281768679618835,0.07224758704621978,0.011154953531140524,0.8306982406705182,"{'elasticnet__alpha': 0.011154953531140524, 'elasticnet__l1_ratio': 0.8306982406705182}",-1.0321999722127317,-0.8232613226089455,-0.9067146681163494,-0.8142638268745437,-1.031827195872264,-1.1247486231147108,-1.098781673723013,-0.8789665156195643,-0.9638454747677653,0.11510777159966354,4,-0.8566257522802615,-0.8434670795606026,-0.8355431762554869,-0.8528436071982322,-0.8451281529750565,-0.874192233140023,-0.90842920692709,-0.9273504001554267,-0.8679474510615225,0.03109025804944314
1.4211595058441162,0.7191374333843835,0.1353190839290619,0.02448849710176319,0.17932150510936273,0.2187493593844413,"{'elasticnet__alpha': 0.17932150510936273, 'elasticnet__l1_ratio': 0.2187493593844413}",-1.2566614402507206,-1.0673235469259144,-1.1183908267927165,-1.0646471737212289,-1.1539429614275856,-1.2573466286265462,-1.2231785437511427,-1.0251466174071906,-1.1458297173628806,0.085760921672121,33,-1.127188043353366,-1.1144433632027964,-1.0914316268293474,-1.0921275419786134,-1.0849940470763717,-1.1002293872555868,-1.1291410562053947,-1.1514314886410728,-1.1113733193178188,0.021702546912470533
2.5676985383033752,1.637078643535544,0.14245402812957764,0.04012869333782491,0.03694037244463126,0.9624152000329331,"{'elasticnet__alpha': 0.03694037244463126, 'elasticnet__l1_ratio': 0.9624152000329331}",-1.131762723492353,-0.94975970016367,-1.0090981750570769,-0.9451891573004333,-1.0856717486282548,-1.212603386789119,-1.2290233345933523,-1.0028750058594538,-1.0707479039854642,0.10483927161616134,18,-1.016631132385163,-0.9985401563664164,-0.9858005787007859,-0.9969204581948191,-0.9894566239674184,-1.0094529053616697,-1.0403374276403723,-1.0629476128657893,-1.0125108619353043,0.02506912880411997
1.9059050679206848,0.9946294519844888,0.12730824947357178,0.02244174100751658,0.07304433001662901,0.455062938895326,"{'elasticnet__alpha': 0.07304433001662901, 'elasticnet__l1_ratio': 0.455062938895326}",-1.1722123761669618,-0.9858649433594894,-1.0324230742254765,-0.9813446534305634,-1.1014818393145143,-1.2232206840372752,-1.2247039231097179,-1.0066497794705442,-1.090987659139318,0.09726783719745666,23,-1.0570138991755456,-1.0355858498401065,-1.015136670555985,-1.0209832164523112,-1.0131558294830116,-1.0319790106854099,-1.0634521565756,-1.0872466649076167,-1.0405691622094484,0.024630737612368295
2.587845593690872,1.4656660221074398,0.12401118874549866,0.014172001860199944,0.047398527918072725,0.7027436232369888,"{'elasticnet__alpha': 0.047398527918072725, 'elasticnet__l1_ratio': 0.7027436232369888}",-1.1444241071915913,-0.9599602323795198,-1.0100611210474937,-0.9544990639844315,-1.0889251163682505,-1.2137070172288602,-1.2247369274375832,-1.0009787798082534,-1.074661545680748,0.10254529848722345,21,-1.02993394650986,-1.009162739469651,-0.9926472536340641,-1.0010754417116865,-0.9932516606844631,-1.0128956583994428,-1.0444766614451029,-1.0675170264793608,-1.018870048541704,0.02483733810591558
1.1362890899181366,0.5795158521742038,0.13122865557670593,0.030557341113395663,0.4562675963751792,0.14375527615889183,"{'elasticnet__alpha': 0.4562675963751792, 'elasticnet__l1_ratio': 0.14375527615889183}",-1.4043182574569104,-1.218112880587953,-1.2839061231629745,-1.219933218684268,-1.2690294939387636,-1.3377969822649753,-1.252139334190469,-1.0858309233630985,-1.2588834017061763,0.08752122963713793,41,-1.2389270324863608,-1.2506064262678862,-1.2300561317255085,-1.2313476889845523,-1.2250998453373088,-1.236542945875321,-1.259137876247624,-1.2718858811114933,-1.2429504785045067,0.015143816832721629
1.0573150515556335,0.5262131421497859,0.11313024163246155,0.0057347167174765104,0.9965877809389878,0.21589080405289196,"{'elasticnet__alpha': 0.9965877809389878, 'elasticnet__l1_ratio': 0.21589080405289196}",-1.6195910194258596,-1.4401082722598493,-1.5106373898165317,-1.4514051198135063,-1.442405761710115,-1.4929572670393623,-1.3670243562148356,-1.2381400097900588,-1.4452836495087649,0.10370178880894727,49,-1.4037167304208706,-1.4425876125256967,-1.431966239641019,-1.4441014544210822,-1.439922290080065,-1.4442971398778435,-1.455290677957932,-1.4551550004039748,-1.4396296431660605,0.01535165964135544
1.3377650082111359,0.636614225636441,0.13387823104858398,0.029922220066641827,0.06839743080087993,0.9365384747085816,"{'elasticnet__alpha': 0.06839743080087993, 'elasticnet__l1_ratio': 0.9365384747085816}",-1.2100631197462939,-1.0299236798115157,-1.0600525683941233,-0.9996465029814069,-1.1040660668985005,-1.2436967536515984,-1.2604999410171662,-1.0502447572162588,-1.119774173714608,0.09647808315069745,28,-1.1106996674486946,-1.0844824856076178,-1.059144412942426,-1.056362338468973,-1.0467565565096177,-1.063063599887279,-1.0947754371647227,-1.1224103643172079,-1.0797118577933174,0.02589525374998184
1.1815966069698334,0.5566187248941061,0.12008950114250183,0.007368476236212899,0.33838061932083807,0.6058945218147948,"{'elasticnet__alpha': 0.33838061932083807, 'elasticnet__l1_ratio': 0.6058945218147948}",-1.4680632260447792,-1.2708006036004091,-1.3232742110395186,-1.2525067006701411,-1.2477676151046802,-1.3577518819587369,-1.3004617136360759,-1.1450762888163402,-1.2957127801088353,0.08790135409387441,44,-1.284407705810828,-1.2899220092062802,-1.2727738833166684,-1.2737234195736564,-1.263223817623469,-1.2690167714610816,-1.2888995033194157,-1.3052510770028007,-1.280902273414275,0.012854295178379807
3.223199427127838,2.560999838423437,0.13097235560417175,0.02675385216098328,0.025468562274683713,0.9921320639431365,"{'elasticnet__alpha': 0.025468562274683713, 'elasticnet__l1_ratio': 0.9921320639431365}",-1.0901050485142787,-0.8982161241603107,-0.9732545177527373,-0.8964302093122107,-1.0602327749376836,-1.1739406548133746,-1.1828845597783018,-0.9530805656290687,-1.0285180568622456,0.10778810061613087,11,-0.9569263851480233,-0.939581737066021,-0.9307652369550916,-0.9446336658053331,-0.9373234695044741,-0.9579390833907142,-0.9898940176655306,-1.0125385177083235,-0.958700264155439,0.02663656839761893
1.0500767827033997,0.5624053159717274,0.12049570679664612,0.026066508877466612,0.40976354223182965,0.6660582410895703,"{'elasticnet__alpha': 0.40976354223182965, 'elasticnet__l1_ratio': 0.6660582410895703}",-1.5335450975295524,-1.3376867238563441,-1.384341636944387,-1.3148410662820504,-1.2990264910648628,-1.397561590621529,-1.3253149986756751,-1.1740642831497952,-1.3457977360155244,0.09522196131509798,47,-1.3290655164888872,-1.3450594215790368,-1.3259904961351885,-1.3307432150157972,-1.3207204999611808,-1.3152947168604026,-1.3325240461529033,-1.3455805336068585,-1.3306223057250317,0.009954070284616572
0.9432725012302399,0.5081777022388978,0.10818126797676086,0.004192546868924609,0.6970558771967609,0.6863505303795395,"{'elasticnet__alpha': 0.6970558771967609, 'elasticnet__l1_ratio': 0.6863505303795395}",-1.6981068403715531,-1.522246339482826,-1.564894700136925,-1.4939116275290916,-1.4742328427288032,-1.5437870233941808,-1.421955387807992,-1.296392528023875,-1.5019409111844058,0.10844796394242244,50,-1.4557742733177916,-1.496585175364463,-1.4883281550153307,-1.4919838231868023,-1.4803320671139542,-1.4716904956327164,-1.4864414825342553,-1.4961583207438356,-1.4834117241136435,0.01300743693892023
1.0715580880641937,0.5187287301807734,0.13256168365478516,0.0349740513036293,0.2983820889923749,0.5287738781984196,"{'elasticnet__alpha': 0.2983820889923749, 'elasticnet__l1_ratio': 0.5287738781984196}",-1.408446040589994,-1.2170898990197248,-1.2672014871087967,-1.1959281618965092,-1.2133207708934242,-1.32178426441864,-1.2728903891392693,-1.1096688427989079,-1.2507912319831582,0.08375411858360716,40,-1.2404444615158021,-1.2428432378279375,-1.2227812364442403,-1.2211597744790175,-1.2097736649893283,-1.2198290107516587,-1.243875702632777,-1.262712841975879,-1.23292749132708,0.016244048252285696
3.108020633459091,1.6526089042306251,0.12590846419334412,0.013883588688426431,0.022484324576942643,0.052439754913308434,"{'elasticnet__alpha': 0.022484324576942643, 'elasticnet__l1_ratio': 0.052439754913308434}",-0.9724981547272308,-0.8201575662491402,-0.9039899889511498,-0.8051494271295938,-1.0345795886858937,-1.109556500694397,-1.0618764625759856,-0.8559416999384788,-0.9454686736189837,0.10855578129526415,3,-0.8417997286963758,-0.8248604314263998,-0.8148233844834517,-0.8315224397384855,-0.8238098159743461,-0.8525053490133266,-0.8862801111344905,-0.9068434562739925,-0.8478055895926085,0.030576054502929023
