mean_fit_time,std_fit_time,mean_score_time,std_score_time,param_lgbmregressor__colsample_bytree,param_lgbmregressor__learning_rate,param_lgbmregressor__min_child_samples,param_lgbmregressor__n_estimators,param_lgbmregressor__num_leaves,param_lgbmregressor__reg_alpha,param_lgbmregressor__reg_lambda,param_lgbmregressor__subsample,param_lgbmregressor__subsample_freq,params,split0_test_score,split1_test_score,split2_test_score,split3_test_score,split4_test_score,split5_test_score,split6_test_score,split7_test_score,mean_test_score,std_test_score,rank_test_score,split0_train_score,split1_train_score,split2_train_score,split3_train_score,split4_train_score,split5_train_score,split6_train_score,split7_train_score,mean_train_score,std_train_score
2.139304757118225,0.9967325434894395,0.18818733096122742,0.01847579414954058,4.268342145452575e-05,0.1,16,66,14,0.9920609375393611,1.1823052747141833,0.8614844739610513,3,"{'lgbmregressor__colsample_bytree': 4.268342145452575e-05, 'lgbmregressor__learning_rate': 0.1, 'lgbmregressor__min_child_samples': 16, 'lgbmregressor__n_estimators': 66, 'lgbmregressor__num_leaves': 14, 'lgbmregressor__reg_alpha': 0.9920609375393611, 'lgbmregressor__reg_lambda': 1.1823052747141833, 'lgbmregressor__subsample': 0.8614844739610513, 'lgbmregressor__subsample_freq': 3}",-1.6979167541608249,-1.6153802618126871,-1.6939801041284162,-1.6646947166302242,-1.6685055255420735,-1.6997750342097073,-1.4922624262031088,-1.3765006028073346,-1.6136269281867972,0.11043312115862,50,-1.4217260252385606,-1.5736893932145024,-1.565046487509904,-1.6261986124678864,-1.639731787203813,-1.6522609970310114,-1.6271052648070792,-1.6040694199976258,-1.588728498433798,0.06930609798324877
5.343832045793533,2.6084583469686655,0.4731839895248413,0.029181246551706706,0.27991380132834975,0.1,17,89,21,0.9897568330459471,1.3246457618534901,0.325600983457464,2,"{'lgbmregressor__colsample_bytree': 0.27991380132834975, 'lgbmregressor__learning_rate': 0.1, 'lgbmregressor__min_child_samples': 17, 'lgbmregressor__n_estimators': 89, 'lgbmregressor__num_leaves': 21, 'lgbmregressor__reg_alpha': 0.9897568330459471, 'lgbmregressor__reg_lambda': 1.3246457618534901, 'lgbmregressor__subsample': 0.325600983457464, 'lgbmregressor__subsample_freq': 2}",-1.0093487623768793,-0.8346435822370055,-0.8298756304893123,-0.6551860621076224,-0.8841017929700516,-0.9077667171626765,-0.84411643539761,-0.6410787733028568,-0.8257647195055018,0.11590359081490482,27,-0.5084551957099348,-0.5530203712652093,-0.5856255380794869,-0.6177368205881375,-0.6004232246109419,-0.6394788155020482,-0.6644325992304474,-0.6804632804757487,-0.6062044806827444,0.05360206078749597
4.146857500076294,2.188765447698429,0.3846142888069153,0.03487596284394177,0.46184161070243934,0.1,12,67,20,0.5796339757707858,1.032015612916933,0.15580340970874085,4,"{'lgbmregressor__colsample_bytree': 0.46184161070243934, 'lgbmregressor__learning_rate': 0.1, 'lgbmregressor__min_child_samples': 12, 'lgbmregressor__n_estimators': 67, 'lgbmregressor__num_leaves': 20, 'lgbmregressor__reg_alpha': 0.5796339757707858, 'lgbmregressor__reg_lambda': 1.032015612916933, 'lgbmregressor__subsample': 0.15580340970874085, 'lgbmregressor__subsample_freq': 4}",-0.9431475398184067,-0.8513771463371744,-0.8458847299879118,-0.6559509526393744,-0.8872536768671639,-0.8931583760064453,-0.8661748899827496,-0.6373124659765204,-0.8225324722019682,0.10551226488126206,26,-0.5209010589223244,-0.5698043026854752,-0.5936281984437958,-0.6274508494327737,-0.617451191386652,-0.6464442279129099,-0.662346838784058,-0.6770893473037624,-0.6143895018589689,0.048215163145144985
4.134887546300888,2.1586419827164414,0.37828749418258667,0.03324569756292082,0.10457738296568775,0.1,18,74,17,1.1041556234381824,0.7293955657257598,0.11618720995914056,1,"{'lgbmregressor__colsample_bytree': 0.10457738296568775, 'lgbmregressor__learning_rate': 0.1, 'lgbmregressor__min_child_samples': 18, 'lgbmregressor__n_estimators': 74, 'lgbmregressor__num_leaves': 17, 'lgbmregressor__reg_alpha': 1.1041556234381824, 'lgbmregressor__reg_lambda': 0.7293955657257598, 'lgbmregressor__subsample': 0.11618720995914056, 'lgbmregressor__subsample_freq': 1}",-1.288502210093666,-1.1068988123060397,-1.082951900233328,-0.9902917988933173,-1.1284737628945798,-1.0512103632617669,-0.9998707330922758,-0.7571765011929987,-1.0506720102459965,0.14106124759477642,42,-0.8245436455215291,-0.9288528317172509,-0.8608933054771566,-0.9179136187588823,-0.9827720096685109,-0.8698957204003206,-1.0273053270779922,-0.9657733361068773,-0.9222437243410649,0.06394173492541713
7.218334078788757,3.5979603220424656,0.66075000166893,0.032705418837034636,0.532442953448007,0.1,15,93,43,1.4973677630790918,1.1746661103211555,0.06014098310820204,1,"{'lgbmregressor__colsample_bytree': 0.532442953448007, 'lgbmregressor__learning_rate': 0.1, 'lgbmregressor__min_child_samples': 15, 'lgbmregressor__n_estimators': 93, 'lgbmregressor__num_leaves': 43, 'lgbmregressor__reg_alpha': 1.4973677630790918, 'lgbmregressor__reg_lambda': 1.1746661103211555, 'lgbmregressor__subsample': 0.06014098310820204, 'lgbmregressor__subsample_freq': 1}",-0.9721666352880856,-0.9053964193198203,-0.7895910751504905,-0.58562109330053,-0.8571304831478938,-0.8655583599081684,-0.8329326951417129,-0.6388266258388389,-0.8059029233869426,0.12306546552358692,16,-0.4792895494425242,-0.49185025157320866,-0.5042896431729784,-0.5207939059726155,-0.5227574470720726,-0.5464425299365666,-0.5521916605283436,-0.5609615192427321,-0.5223220633676302,0.027556802388861323
7.529386192560196,4.018480058469309,0.5535608232021332,0.05164913800933144,0.9270318407159364,0.1,13,86,30,0.600938085696757,1.1246422887554859,0.9766765159637917,2,"{'lgbmregressor__colsample_bytree': 0.9270318407159364, 'lgbmregressor__learning_rate': 0.1, 'lgbmregressor__min_child_samples': 13, 'lgbmregressor__n_estimators': 86, 'lgbmregressor__num_leaves': 30, 'lgbmregressor__reg_alpha': 0.600938085696757, 'lgbmregressor__reg_lambda': 1.1246422887554859, 'lgbmregressor__subsample': 0.9766765159637917, 'lgbmregressor__subsample_freq': 2}",-0.9067971263418187,-0.8998266432783116,-0.8036718076496635,-0.5600782439295474,-0.8506182579415033,-0.8822395984079443,-0.8007678546317972,-0.5958025244547082,-0.7874752570794117,0.12684376257415808,6,-0.4362223498442955,-0.4812655048052987,-0.5056366825476563,-0.5139643269619619,-0.5189113789541904,-0.5492786168903011,-0.5564573802504372,-0.565639658859898,-0.5159219873892549,0.04015484102881452
4.576304107904434,2.562024435440087,0.4050791561603546,0.06614359416297766,0.07020286163549605,0.1,9,62,39,1.108149892828458,0.7028186674756481,0.16628485395977555,6,"{'lgbmregressor__colsample_bytree': 0.07020286163549605, 'lgbmregressor__learning_rate': 0.1, 'lgbmregressor__min_child_samples': 9, 'lgbmregressor__n_estimators': 62, 'lgbmregressor__num_leaves': 39, 'lgbmregressor__reg_alpha': 1.108149892828458, 'lgbmregressor__reg_lambda': 0.7028186674756481, 'lgbmregressor__subsample': 0.16628485395977555, 'lgbmregressor__subsample_freq': 6}",-1.4440340764415347,-1.305238498094381,-1.313642127835815,-1.2151938430823728,-1.2772210888708453,-1.3092203096473782,-1.0751096461573366,-0.8512673462165208,-1.223865867043273,0.17114349171760873,47,-0.9836143666712618,-1.0603111534329506,-1.0737106891062482,-1.1121443994640208,-1.148845218690268,-1.1809914060539661,-1.1334133888235225,-1.0599044180548634,-1.0941168800371377,0.05847234300983083
7.48084220290184,3.739920342285932,0.6840787529945374,0.08082215003336678,0.2727416321022341,0.1,16,81,38,1.1188883392790414,0.8604074586939693,0.37426323407487616,2,"{'lgbmregressor__colsample_bytree': 0.2727416321022341, 'lgbmregressor__learning_rate': 0.1, 'lgbmregressor__min_child_samples': 16, 'lgbmregressor__n_estimators': 81, 'lgbmregressor__num_leaves': 38, 'lgbmregressor__reg_alpha': 1.1188883392790414, 'lgbmregressor__reg_lambda': 0.8604074586939693, 'lgbmregressor__subsample': 0.37426323407487616, 'lgbmregressor__subsample_freq': 2}",-1.0988494381471101,-0.8676044458750098,-0.816025023798124,-0.6654724987726485,-0.8784793349050736,-0.8905508381930907,-0.8228901992497267,-0.6293831868308922,-0.8336568707214594,0.13563094993645264,31,-0.4818069442351775,-0.5214030180932393,-0.5515611352961769,-0.5836706389729747,-0.5696039247963735,-0.6096372628638131,-0.623397905261951,-0.6454829213076889,-0.5733204688534244,0.05086579512333772
3.759554237127304,2.1457020289021345,0.30341264605522156,0.06809164875207419,0.02622339909485727,0.1,8,53,36,1.035402190438953,0.6903787890738091,0.7313575854952646,2,"{'lgbmregressor__colsample_bytree': 0.02622339909485727, 'lgbmregressor__learning_rate': 0.1, 'lgbmregressor__min_child_samples': 8, 'lgbmregressor__n_estimators': 53, 'lgbmregressor__num_leaves': 36, 'lgbmregressor__reg_alpha': 1.035402190438953, 'lgbmregressor__reg_lambda': 0.6903787890738091, 'lgbmregressor__subsample': 0.7313575854952646, 'lgbmregressor__subsample_freq': 2}",-1.6522060060198847,-1.492904683569423,-1.5249082886812078,-1.5297100652895177,-1.4983898589657147,-1.5414625493473582,-1.3533105283883444,-1.163270419369253,-1.469520299953838,0.13870579151349216,48,-1.33332161823314,-1.3758112790278247,-1.3746333014704384,-1.464225256317094,-1.455388651806828,-1.4713643880980107,-1.4795082749617219,-1.401723702227602,-1.4194970590178326,0.051531163935263455
7.1168215572834015,3.40737891274963,0.5679726898670197,0.04486675984483793,0.9714628361410341,0.1,6,95,19,1.4453739044520366,0.5685211008040164,0.7916648979050629,4,"{'lgbmregressor__colsample_bytree': 0.9714628361410341, 'lgbmregressor__learning_rate': 0.1, 'lgbmregressor__min_child_samples': 6, 'lgbmregressor__n_estimators': 95, 'lgbmregressor__num_leaves': 19, 'lgbmregressor__reg_alpha': 1.4453739044520366, 'lgbmregressor__reg_lambda': 0.5685211008040164, 'lgbmregressor__subsample': 0.7916648979050629, 'lgbmregressor__subsample_freq': 4}",-0.9115063466284491,-0.8983625417465158,-0.8146146401042796,-0.5835384034179254,-0.8626354020517688,-0.8930694497037996,-0.8327961601512183,-0.5922337717138836,-0.79859458943973,0.12549391111823502,11,-0.46173342816220403,-0.5117660218368064,-0.5408069368461574,-0.5553779741340987,-0.5561394308722811,-0.5889168893163625,-0.6018725992646852,-0.6054680125278901,-0.5527601616200607,0.04558645045752823
8.825248152017593,4.385307262934108,0.7101823389530182,0.040892232518713295,0.6116886770736243,0.1,13,92,35,0.5025160748864135,1.3365149836764092,0.836326635563104,6,"{'lgbmregressor__colsample_bytree': 0.6116886770736243, 'lgbmregressor__learning_rate': 0.1, 'lgbmregressor__min_child_samples': 13, 'lgbmregressor__n_estimators': 92, 'lgbmregressor__num_leaves': 35, 'lgbmregressor__reg_alpha': 0.5025160748864135, 'lgbmregressor__reg_lambda': 1.3365149836764092, 'lgbmregressor__subsample': 0.836326635563104, 'lgbmregressor__subsample_freq': 6}",-0.9010134534281563,-0.8461931828305282,-0.7873736466170063,-0.5622949508421394,-0.8521282376849737,-0.849944714777188,-0.8210556988051203,-0.5874238423997552,-0.7759284659231085,0.1200046488768468,2,-0.4278469256582652,-0.4719824341742418,-0.4887405034612414,-0.5078982330489327,-0.51110856896024,-0.5326970874455703,-0.5441483186515861,-0.5548581990335267,-0.5049100338042005,0.038952433968288055
4.908050298690796,2.531163220475935,0.4317615330219269,0.06857288522499333,0.9017274615098485,0.1,14,67,14,1.4988733471664932,0.8522464025092609,0.7046518409115992,6,"{'lgbmregressor__colsample_bytree': 0.9017274615098485, 'lgbmregressor__learning_rate': 0.1, 'lgbmregressor__min_child_samples': 14, 'lgbmregressor__n_estimators': 67, 'lgbmregressor__num_leaves': 14, 'lgbmregressor__reg_alpha': 1.4988733471664932, 'lgbmregressor__reg_lambda': 0.8522464025092609, 'lgbmregressor__subsample': 0.7046518409115992, 'lgbmregressor__subsample_freq': 6}",-0.9407250529648448,-0.9277387108216987,-0.8651903957562354,-0.6422239304811327,-0.8798267160189203,-0.921918556825854,-0.8554369214906676,-0.6690779741110494,-0.8377672823088004,0.10914618746100216,32,-0.5345923352054016,-0.5948623661933363,-0.6187470981682749,-0.6407352940885461,-0.6406810411894566,-0.6697059580038183,-0.6973923028732812,-0.7068586098663147,-0.6379468756985538,0.05269433511059778
7.284010499715805,3.498958766143919,0.6723077893257141,0.06324069235370382,0.1848622724828316,0.1,7,89,34,1.1331966518414263,0.9254093680069919,0.34710019294922567,3,"{'lgbmregressor__colsample_bytree': 0.1848622724828316, 'lgbmregressor__learning_rate': 0.1, 'lgbmregressor__min_child_samples': 7, 'lgbmregressor__n_estimators': 89, 'lgbmregressor__num_leaves': 34, 'lgbmregressor__reg_alpha': 1.1331966518414263, 'lgbmregressor__reg_lambda': 0.9254093680069919, 'lgbmregressor__subsample': 0.34710019294922567, 'lgbmregressor__subsample_freq': 3}",-1.1009046658456936,-0.9353956545723388,-0.921058051592308,-0.7141269711930448,-1.0140269772915558,-0.931829872060878,-0.8317790124412628,-0.6660079558478066,-0.8893911451056111,0.13653252874966293,37,-0.5329580761027329,-0.6329044174155205,-0.6135000372723549,-0.6265675854436185,-0.7153388143484425,-0.661252206580806,-0.668225877991493,-0.7510897803137262,-0.6502295994335868,0.062067577710885384
5.807829767465591,2.9062109213401617,0.4920192360877991,0.05813486625756584,0.5624906276242287,0.1,19,53,33,1.3896401049503262,1.1137411791884149,0.599050596422292,4,"{'lgbmregressor__colsample_bytree': 0.5624906276242287, 'lgbmregressor__learning_rate': 0.1, 'lgbmregressor__min_child_samples': 19, 'lgbmregressor__n_estimators': 53, 'lgbmregressor__num_leaves': 33, 'lgbmregressor__reg_alpha': 1.3896401049503262, 'lgbmregressor__reg_lambda': 1.1137411791884149, 'lgbmregressor__subsample': 0.599050596422292, 'lgbmregressor__subsample_freq': 4}",-0.962588427819218,-0.8541888427929406,-0.8241272133636628,-0.6184944226155151,-0.8595303659429132,-0.9077374152254769,-0.8493872577203694,-0.6218828414288488,-0.812242098363618,0.11780010150830773,18,-0.49910297219161465,-0.5418136056045991,-0.5594355039228903,-0.5861930021141865,-0.5860636068349092,-0.6170255316839873,-0.6297137011039401,-0.6359537578340362,-0.5819127101612704,0.04393809044480584
8.37235751748085,4.134255782598682,0.6418277025222778,0.056396908736103334,0.27940505114912906,0.1,5,92,26,0.759314064201153,1.2430530986144728,0.8183466220210979,2,"{'lgbmregressor__colsample_bytree': 0.27940505114912906, 'lgbmregressor__learning_rate': 0.1, 'lgbmregressor__min_child_samples': 5, 'lgbmregressor__n_estimators': 92, 'lgbmregressor__num_leaves': 26, 'lgbmregressor__reg_alpha': 0.759314064201153, 'lgbmregressor__reg_lambda': 1.2430530986144728, 'lgbmregressor__subsample': 0.8183466220210979, 'lgbmregressor__subsample_freq': 2}",-1.0304761999888024,-0.8517044061551368,-0.8121772292150443,-0.6302480881639095,-0.8773822712615709,-0.8721259644886291,-0.8287870902470351,-0.631957399699008,-0.816857331152392,0.12386507109132415,22,-0.48353890450496656,-0.528175308595124,-0.5606402556502731,-0.5893237138574725,-0.5780600445490556,-0.6131797940101686,-0.6323205354435967,-0.6508915664981464,-0.5795162653886003,0.05162135667371102
6.742751926183701,3.256836834620563,0.5251087546348572,0.04154661930817383,0.3121908476613948,0.1,19,70,30,0.9686587929342958,1.2832871143487854,0.8102871107603924,9,"{'lgbmregressor__colsample_bytree': 0.3121908476613948, 'lgbmregressor__learning_rate': 0.1, 'lgbmregressor__min_child_samples': 19, 'lgbmregressor__n_estimators': 70, 'lgbmregressor__num_leaves': 30, 'lgbmregressor__reg_alpha': 0.9686587929342958, 'lgbmregressor__reg_lambda': 1.2832871143487854, 'lgbmregressor__subsample': 0.8102871107603924, 'lgbmregressor__subsample_freq': 9}",-1.0492512347389966,-0.8559215662476984,-0.8300509939536345,-0.6683613365114086,-0.893159944040233,-0.8772734011040474,-0.8338142406722588,-0.6231996818225239,-0.8288790498863501,0.1244311619160029,29,-0.4978478421253191,-0.5452144208327335,-0.5797040359644889,-0.618312753163185,-0.5980639605882597,-0.6341775598819365,-0.655937893501393,-0.6716993981665674,-0.6001197330279854,0.05434311929147224
5.91710901260376,2.9743640825225173,0.5635720193386078,0.03300681099633603,0.5704814445279959,0.1,18,67,34,0.9938703165109857,0.6129301036720408,0.22166189680330906,4,"{'lgbmregressor__colsample_bytree': 0.5704814445279959, 'lgbmregressor__learning_rate': 0.1, 'lgbmregressor__min_child_samples': 18, 'lgbmregressor__n_estimators': 67, 'lgbmregressor__num_leaves': 34, 'lgbmregressor__reg_alpha': 0.9938703165109857, 'lgbmregressor__reg_lambda': 0.6129301036720408, 'lgbmregressor__subsample': 0.22166189680330906, 'lgbmregressor__subsample_freq': 4}",-0.9364601263561926,-0.830262140622127,-0.8020860009242271,-0.5879178527473014,-0.8572080228800226,-0.8711347310471874,-0.8439601922188558,-0.6230208431032602,-0.7940062387373967,0.1150108575035225,9,-0.4800420547059083,-0.5097786829324115,-0.5313375785297821,-0.5510449930176979,-0.5494091862741007,-0.5796787685976518,-0.5887507465070265,-0.5946419191476876,-0.5480854912140333,0.03742930562607581
7.861270517110825,3.9585133109357393,0.6972097754478455,0.07278133463653512,0.48641769432568904,0.1,12,80,44,1.3780293846440772,0.6285046541733675,0.7440199084825277,9,"{'lgbmregressor__colsample_bytree': 0.48641769432568904, 'lgbmregressor__learning_rate': 0.1, 'lgbmregressor__min_child_samples': 12, 'lgbmregressor__n_estimators': 80, 'lgbmregressor__num_leaves': 44, 'lgbmregressor__reg_alpha': 1.3780293846440772, 'lgbmregressor__reg_lambda': 0.6285046541733675, 'lgbmregressor__subsample': 0.7440199084825277, 'lgbmregressor__subsample_freq': 9}",-0.9943022400732353,-0.8669935494287354,-0.7871843026216975,-0.585465152519368,-0.8603789597040479,-0.8703001256534083,-0.8368497399488608,-0.6101806642293369,-0.8014568417723362,0.12961045962340062,15,-0.4343812971567118,-0.4674848982209545,-0.4937862334760355,-0.516083259516163,-0.5154947384326438,-0.5369426235872966,-0.5503230027769122,-0.5638393862361464,-0.5097919299253579,0.04047528444065091
8.296391606330872,4.293355739815834,0.7554345428943634,0.06712636671022763,0.47276719513328724,0.1,10,96,48,1.4249033035040364,1.4558909117128773,0.30243704271248095,3,"{'lgbmregressor__colsample_bytree': 0.47276719513328724, 'lgbmregressor__learning_rate': 0.1, 'lgbmregressor__min_child_samples': 10, 'lgbmregressor__n_estimators': 96, 'lgbmregressor__num_leaves': 48, 'lgbmregressor__reg_alpha': 1.4249033035040364, 'lgbmregressor__reg_lambda': 1.4558909117128773, 'lgbmregressor__subsample': 0.30243704271248095, 'lgbmregressor__subsample_freq': 3}",-0.9904637765739174,-0.8543755162336285,-0.7744611713087379,-0.5723970069802116,-0.8522760849340815,-0.8485392613343599,-0.8139342950463,-0.6217973723700548,-0.7910305605976615,0.12653264619703744,7,-0.42723900440498674,-0.45533717205681645,-0.47963544661883223,-0.4956396536973221,-0.495705005408575,-0.5176668311336002,-0.5274825014676304,-0.5402361805673954,-0.49236772441939486,0.035287121064669476
6.627233505249023,3.415117233879057,0.5282642543315887,0.0680796661572631,0.08654066091224155,0.1,6,93,21,0.8387578897429718,0.8937442957043844,0.7668052999564587,5,"{'lgbmregressor__colsample_bytree': 0.08654066091224155, 'lgbmregressor__learning_rate': 0.1, 'lgbmregressor__min_child_samples': 6, 'lgbmregressor__n_estimators': 93, 'lgbmregressor__num_leaves': 21, 'lgbmregressor__reg_alpha': 0.8387578897429718, 'lgbmregressor__reg_lambda': 0.8937442957043844, 'lgbmregressor__subsample': 0.7668052999564587, 'lgbmregressor__subsample_freq': 5}",-1.27021876075167,-1.0572293193852034,-1.2108728735593377,-0.9959242527679627,-1.0480492367281624,-1.089844909580798,-0.9817295121885549,-0.7149335020196258,-1.0461002958726644,0.1564261055039886,41,-0.8131950576251562,-0.8445894354798438,-0.9603971959307968,-0.9019542639850106,-0.880119332087088,-0.9094367641784031,-0.9730170319183705,-0.8742571450312719,-0.8946207782794926,0.050626149248131976
5.025597482919693,2.654832484294642,0.3993339538574219,0.03736994280233374,0.11772681040515032,0.1,17,50,25,1.2259782519783264,0.7628178453174354,0.9256640122539881,8,"{'lgbmregressor__colsample_bytree': 0.11772681040515032, 'lgbmregressor__learning_rate': 0.1, 'lgbmregressor__min_child_samples': 17, 'lgbmregressor__n_estimators': 50, 'lgbmregressor__num_leaves': 25, 'lgbmregressor__reg_alpha': 1.2259782519783264, 'lgbmregressor__reg_lambda': 0.7628178453174354, 'lgbmregressor__subsample': 0.9256640122539881, 'lgbmregressor__subsample_freq': 8}",-1.3073280785612014,-1.1702036260512283,-1.222094483899029,-1.1763669389570561,-1.1285831708464977,-1.2197382273772155,-1.001014048619035,-0.8527593497490212,-1.1347609905075355,0.13465986800302687,44,-0.860575877672388,-0.9765130468157001,-0.9307227640832656,-1.0692231250339839,-0.9793015996743908,-1.1026283994712045,-1.0406127553116982,-1.0382581797248465,-0.9997294684734346,0.07387101104113149
6.510109215974808,3.4343657275164756,0.5917136073112488,0.06541742157430015,0.5237901061013049,0.1,8,55,39,0.5475331415757606,0.8963125947264821,0.7640807052409069,6,"{'lgbmregressor__colsample_bytree': 0.5237901061013049, 'lgbmregressor__learning_rate': 0.1, 'lgbmregressor__min_child_samples': 8, 'lgbmregressor__n_estimators': 55, 'lgbmregressor__num_leaves': 39, 'lgbmregressor__reg_alpha': 0.5475331415757606, 'lgbmregressor__reg_lambda': 0.8963125947264821, 'lgbmregressor__subsample': 0.7640807052409069, 'lgbmregressor__subsample_freq': 6}",-1.00840505472297,-0.8613809541177377,-0.8198843181976881,-0.6237382324207229,-0.8678338300350976,-0.8899139020297265,-0.8417687995814189,-0.6167313938476512,-0.8162070606191266,0.12479006749662051,21,-0.4790183916841242,-0.5242961263586084,-0.5456705060218809,-0.5706468849869869,-0.569341667212676,-0.5880763215081476,-0.6078652060987162,-0.6163829905262703,-0.5626622617996764,0.0424859433874909
2.7759490609169006,1.6646266574713795,0.30099624395370483,0.08845126412340028,0.011594092678081425,0.1,19,79,14,1.3215873345102516,0.9739681211359219,0.2955080165740325,2,"{'lgbmregressor__colsample_bytree': 0.011594092678081425, 'lgbmregressor__learning_rate': 0.1, 'lgbmregressor__min_child_samples': 19, 'lgbmregressor__n_estimators': 79, 'lgbmregressor__num_leaves': 14, 'lgbmregressor__reg_alpha': 1.3215873345102516, 'lgbmregressor__reg_lambda': 0.9739681211359219, 'lgbmregressor__subsample': 0.2955080165740325, 'lgbmregressor__subsample_freq': 2}",-1.655784565862926,-1.506468541184562,-1.6270014297240685,-1.6170292183730344,-1.5541864701213794,-1.6570483437424706,-1.4752896283117483,-1.2059929909774334,-1.5373501485372028,0.14036857062967487,49,-1.371691404513135,-1.4324956284805916,-1.4849112083038007,-1.5642268099363787,-1.527561682242565,-1.599972009049556,-1.600013563593857,-1.455325874930143,-1.5045247726312534,0.07742854878493244
4.8793341517448425,2.3511562816112934,0.4505651593208313,0.030015929541008124,0.289071524240858,0.1,18,59,13,0.7562679002382973,1.3822201221290795,0.8026859572504503,7,"{'lgbmregressor__colsample_bytree': 0.289071524240858, 'lgbmregressor__learning_rate': 0.1, 'lgbmregressor__min_child_samples': 18, 'lgbmregressor__n_estimators': 59, 'lgbmregressor__num_leaves': 13, 'lgbmregressor__reg_alpha': 0.7562679002382973, 'lgbmregressor__reg_lambda': 1.3822201221290795, 'lgbmregressor__subsample': 0.8026859572504503, 'lgbmregressor__subsample_freq': 7}",-1.0189969257831106,-0.9240771638135017,-0.9040825449239159,-0.7819587161351255,-0.9521901874578105,-0.9598809567010126,-0.8939044505738207,-0.6733645594695215,-0.8885569381072274,0.1032915557889193,36,-0.6277025469186838,-0.6858927877748832,-0.7120635751472997,-0.76702486881241,-0.7433166542840213,-0.7757014010420913,-0.7964148664014021,-0.8168308410749545,-0.7406184426819682,0.0585419096713806
5.94277486205101,3.236310896442608,0.5328327119350433,0.07984836502553061,0.49429576022162447,0.1,19,95,10,1.3202093486157922,0.5294386021625738,0.9428238283425657,8,"{'lgbmregressor__colsample_bytree': 0.49429576022162447, 'lgbmregressor__learning_rate': 0.1, 'lgbmregressor__min_child_samples': 19, 'lgbmregressor__n_estimators': 95, 'lgbmregressor__num_leaves': 10, 'lgbmregressor__reg_alpha': 1.3202093486157922, 'lgbmregressor__reg_lambda': 0.5294386021625738, 'lgbmregressor__subsample': 0.9428238283425657, 'lgbmregressor__subsample_freq': 8}",-0.9477028255856802,-0.9194297213148742,-0.8809243686318994,-0.6845159449238021,-0.8897220876194685,-0.9168927626834907,-0.8931575473546651,-0.6564911773259818,-0.8486045544299827,0.10491232263952177,33,-0.5483637603442929,-0.6154968744434967,-0.6393089514808797,-0.6737549265461283,-0.6626202452910388,-0.6865444597479744,-0.7267495031527831,-0.7311692055647476,-0.6605009908214177,0.05622556554629635
3.900544434785843,1.9366129028310417,0.48728281259536743,0.10953839913444993,0.8273804763890171,0.1,15,52,19,0.8599266964825436,0.6169382133409784,0.6190797274708331,1,"{'lgbmregressor__colsample_bytree': 0.8273804763890171, 'lgbmregressor__learning_rate': 0.1, 'lgbmregressor__min_child_samples': 15, 'lgbmregressor__n_estimators': 52, 'lgbmregressor__num_leaves': 19, 'lgbmregressor__reg_alpha': 0.8599266964825436, 'lgbmregressor__reg_lambda': 0.6169382133409784, 'lgbmregressor__subsample': 0.6190797274708331, 'lgbmregressor__subsample_freq': 1}",-0.9482982231418334,-0.8902468643199477,-0.8516097072213323,-0.6251819024439355,-0.8850176051080287,-0.899102701000479,-0.8771576839097514,-0.639490718741164,-0.827013175735809,0.11526598120920807,28,-0.5389025924850485,-0.5923401031661475,-0.6155862970409912,-0.6325578737880916,-0.6321472465418214,-0.6634249971086562,-0.6878652415442328,-0.6958608921735215,-0.6323356554810639,0.04834193978946722
6.153995931148529,2.994034424906693,0.6063880920410156,0.060526312923410666,0.3493262628752799,0.1,17,87,22,0.8118013896810089,0.6048330425297405,0.22891428373618028,6,"{'lgbmregressor__colsample_bytree': 0.3493262628752799, 'lgbmregressor__learning_rate': 0.1, 'lgbmregressor__min_child_samples': 17, 'lgbmregressor__n_estimators': 87, 'lgbmregressor__num_leaves': 22, 'lgbmregressor__reg_alpha': 0.8118013896810089, 'lgbmregressor__reg_lambda': 0.6048330425297405, 'lgbmregressor__subsample': 0.22891428373618028, 'lgbmregressor__subsample_freq': 6}",-0.9627800260796899,-0.8657242131069345,-0.8207744205529579,-0.6351065881376701,-0.8873148685247465,-0.8841191986974499,-0.8501544743393418,-0.6357329831099976,-0.8177133465685985,0.11187457917231354,24,-0.4976868186266343,-0.5360818758902042,-0.5703357890954708,-0.5954643335756901,-0.5860811892896566,-0.618449208406959,-0.6440292482346824,-0.6507913220284716,-0.5873649731434711,0.049027211573751076
4.298932373523712,2.2459459617415902,0.4126211404800415,0.07319361528797425,0.0915287116798903,0.1,11,51,36,1.4139655457563338,1.2708156162218285,0.2990193940738879,6,"{'lgbmregressor__colsample_bytree': 0.0915287116798903, 'lgbmregressor__learning_rate': 0.1, 'lgbmregressor__min_child_samples': 11, 'lgbmregressor__n_estimators': 51, 'lgbmregressor__num_leaves': 36, 'lgbmregressor__reg_alpha': 1.4139655457563338, 'lgbmregressor__reg_lambda': 1.2708156162218285, 'lgbmregressor__subsample': 0.2990193940738879, 'lgbmregressor__subsample_freq': 6}",-1.3519037647391359,-1.287111007615871,-1.2614672322439051,-1.164509683376078,-1.2575572620026598,-1.2396783881256361,-1.0961895331500366,-0.9319352436107019,-1.1987940143580031,0.12410266361553766,45,-0.9167913823760656,-1.0259903320784138,-1.0020084400464124,-1.070627237441386,-1.1156396931055572,-1.1112848222144356,-1.1406108498008134,-1.13619892591787,-1.0648939603726193,0.07329734983736111
7.106190264225006,3.54281643053792,0.6049534380435944,0.08419699581452145,0.8331360869500641,0.1,18,58,48,1.2336747040138838,0.5060958082220863,0.4804164694349724,3,"{'lgbmregressor__colsample_bytree': 0.8331360869500641, 'lgbmregressor__learning_rate': 0.1, 'lgbmregressor__min_child_samples': 18, 'lgbmregressor__n_estimators': 58, 'lgbmregressor__num_leaves': 48, 'lgbmregressor__reg_alpha': 1.2336747040138838, 'lgbmregressor__reg_lambda': 0.5060958082220863, 'lgbmregressor__subsample': 0.4804164694349724, 'lgbmregressor__subsample_freq': 3}",-0.9253376890306644,-0.8630119912104376,-0.7888574630959635,-0.5515237838955224,-0.8481443993716565,-0.8606413818515436,-0.8356357026340112,-0.625768848601598,-0.7873651574614247,0.12139253336895703,5,-0.4435999671726796,-0.4811685416427046,-0.5036982845610177,-0.5120951927861584,-0.5194383988865404,-0.5466928561651836,-0.5527243858919395,-0.5650999971740073,-0.5155647030350289,0.0376387821059236
3.4536584615707397,1.56770126071451,0.3346620798110962,0.04119174973537079,0.47219278714179624,0.1,16,50,11,0.8984787653690802,0.6025809119908554,0.33851940321476504,4,"{'lgbmregressor__colsample_bytree': 0.47219278714179624, 'lgbmregressor__learning_rate': 0.1, 'lgbmregressor__min_child_samples': 16, 'lgbmregressor__n_estimators': 50, 'lgbmregressor__num_leaves': 11, 'lgbmregressor__reg_alpha': 0.8984787653690802, 'lgbmregressor__reg_lambda': 0.6025809119908554, 'lgbmregressor__subsample': 0.33851940321476504, 'lgbmregressor__subsample_freq': 4}",-1.023459955278909,-0.9312977682086553,-0.9385019653233718,-0.7972956140958684,-0.9286748750045766,-0.9846062826016437,-0.9241025457303543,-0.697047293014924,-0.9031232874072879,0.0986950284789227,39,-0.6617796357763353,-0.7223984924958923,-0.7450543482008056,-0.7849068293951944,-0.770314278904867,-0.7983263698744807,-0.8182060604965937,-0.836679409882804,-0.7672081781283716,0.05283482004462505
4.8951831459999084,2.7310106961402107,0.45536550879478455,0.030587567940916282,0.04663357442189242,0.1,18,91,43,0.7033555465809865,0.7468691803932652,0.04191692385089496,1,"{'lgbmregressor__colsample_bytree': 0.04663357442189242, 'lgbmregressor__learning_rate': 0.1, 'lgbmregressor__min_child_samples': 18, 'lgbmregressor__n_estimators': 91, 'lgbmregressor__num_leaves': 43, 'lgbmregressor__reg_alpha': 0.7033555465809865, 'lgbmregressor__reg_lambda': 0.7468691803932652, 'lgbmregressor__subsample': 0.04191692385089496, 'lgbmregressor__subsample_freq': 1}",-1.4258346629930838,-1.2295642979581627,-1.3659875304079159,-1.126294938322132,-1.253960235830827,-1.2662210014127264,-1.1383621453205068,-0.9237524009285975,-1.2162471516467441,0.14584099595063496,46,-1.029486985541623,-1.0826854402123673,-1.1770322845611125,-1.0295663427352815,-1.1164236700527528,-1.1221461737578438,-1.1867013924377217,-1.169246589918789,-1.1141611099021864,0.05877379037023586
7.733121186494827,3.7842991238730592,0.7068345844745636,0.05805511446702713,0.4624478244724326,0.1,8,96,31,0.6645326887930962,1.1891419240773553,0.34541281712106164,6,"{'lgbmregressor__colsample_bytree': 0.4624478244724326, 'lgbmregressor__learning_rate': 0.1, 'lgbmregressor__min_child_samples': 8, 'lgbmregressor__n_estimators': 96, 'lgbmregressor__num_leaves': 31, 'lgbmregressor__reg_alpha': 0.6645326887930962, 'lgbmregressor__reg_lambda': 1.1891419240773553, 'lgbmregressor__subsample': 0.34541281712106164, 'lgbmregressor__subsample_freq': 6}",-0.9626575954042355,-0.8416937982523874,-0.7810238918316773,-0.5848818157990602,-0.8611905564311584,-0.8575570576668722,-0.8323230339921099,-0.622152772792548,-0.7929350652712561,0.119459197753987,8,-0.4453709171054429,-0.4851037232673245,-0.5098546307149739,-0.5299185744342527,-0.528930550854042,-0.5538639284053047,-0.5666020457870848,-0.5777919697932107,-0.5246795425452045,0.041157554990672175
6.786906331777573,3.484545500653087,0.5531297922134399,0.04764452481168089,0.09640634628472367,0.1,8,76,47,1.3047520083763284,0.6353900645011368,0.7710568711295587,8,"{'lgbmregressor__colsample_bytree': 0.09640634628472367, 'lgbmregressor__learning_rate': 0.1, 'lgbmregressor__min_child_samples': 8, 'lgbmregressor__n_estimators': 76, 'lgbmregressor__num_leaves': 47, 'lgbmregressor__reg_alpha': 1.3047520083763284, 'lgbmregressor__reg_lambda': 0.6353900645011368, 'lgbmregressor__subsample': 0.7710568711295587, 'lgbmregressor__subsample_freq': 8}",-1.2720068151900648,-1.2235820610548638,-1.1552940608246718,-1.1125266261870093,-1.0266183147234724,-1.130583896118316,-1.0493409718023452,-0.7381710488873736,-1.0885154743485146,0.15281722686512847,43,-0.7516155842650404,-0.8416040831984262,-0.8322916137815219,-0.9369858319034051,-0.8561271697937278,-0.9449871253320937,-1.0396882232731333,-0.9164816196185335,-0.8899726563957353,0.08239320700332638
5.9745751321315765,2.8512924198294023,0.5476963222026825,0.03594364903068522,0.7157693052255081,0.1,6,70,34,1.193305397941213,1.0461571536183685,0.1951442685572511,5,"{'lgbmregressor__colsample_bytree': 0.7157693052255081, 'lgbmregressor__learning_rate': 0.1, 'lgbmregressor__min_child_samples': 6, 'lgbmregressor__n_estimators': 70, 'lgbmregressor__num_leaves': 34, 'lgbmregressor__reg_alpha': 1.193305397941213, 'lgbmregressor__reg_lambda': 1.0461571536183685, 'lgbmregressor__subsample': 0.1951442685572511, 'lgbmregressor__subsample_freq': 5}",-0.909475283388376,-0.847127892988348,-0.8012106036258528,-0.5720380853170365,-0.851014604198668,-0.8806264712930777,-0.7895023893565439,-0.6300697170285603,-0.7851331308995579,0.11318977665708488,4,-0.4634324846112033,-0.5013069519508764,-0.5209395633450263,-0.533455782908182,-0.5375717301468613,-0.5674818768385457,-0.5744664105879149,-0.5870071075983638,-0.5357077384983717,0.03836865094906449
8.28406772017479,4.123643011432999,0.6646246612071991,0.038160748994598086,0.8827867276094298,0.1,16,82,49,0.8128137727552084,0.7296720846127925,0.6830858794767094,3,"{'lgbmregressor__colsample_bytree': 0.8827867276094298, 'lgbmregressor__learning_rate': 0.1, 'lgbmregressor__min_child_samples': 16, 'lgbmregressor__n_estimators': 82, 'lgbmregressor__num_leaves': 49, 'lgbmregressor__reg_alpha': 0.8128137727552084, 'lgbmregressor__reg_lambda': 0.7296720846127925, 'lgbmregressor__subsample': 0.6830858794767094, 'lgbmregressor__subsample_freq': 3}",-0.8935838991881273,-0.876942402884522,-0.7731589395577987,-0.5414306180775377,-0.8487980445934575,-0.8359196461996198,-0.8074796679655369,-0.5998552919545211,-0.7721460638026402,0.12239037593882054,1,-0.41078309203151314,-0.442252887275667,-0.4682847406855251,-0.4778573289627492,-0.48328391602505066,-0.5064033569564889,-0.5159661610943609,-0.5273638604715913,-0.47902441793786826,0.0363917410110288
5.521715074777603,2.895498345502635,0.46295204758644104,0.03295225932215777,0.8684504902976672,0.1,6,57,29,1.0717815476372332,0.5241326902062085,0.6011231953245619,6,"{'lgbmregressor__colsample_bytree': 0.8684504902976672, 'lgbmregressor__learning_rate': 0.1, 'lgbmregressor__min_child_samples': 6, 'lgbmregressor__n_estimators': 57, 'lgbmregressor__num_leaves': 29, 'lgbmregressor__reg_alpha': 1.0717815476372332, 'lgbmregressor__reg_lambda': 0.5241326902062085, 'lgbmregressor__subsample': 0.6011231953245619, 'lgbmregressor__subsample_freq': 6}",-0.916787602291119,-0.8874837898139935,-0.8149346251657492,-0.5795589301601315,-0.8493614605906845,-0.8602264379020326,-0.8516473994809092,-0.6029309740204221,-0.7953664024281302,0.1211949547764591,10,-0.48050737023241324,-0.5249180197470483,-0.5508988079113123,-0.564137939566356,-0.5617906865154517,-0.5910190691908184,-0.6077956404181328,-0.6182246096057785,-0.5624115178984139,0.042194744988144434
4.962079286575317,2.5024474179391354,0.4941592514514923,0.08691082605696052,0.37466683099052267,0.1,10,52,37,0.7431296252464196,1.0737368419365698,0.05100007717277644,9,"{'lgbmregressor__colsample_bytree': 0.37466683099052267, 'lgbmregressor__learning_rate': 0.1, 'lgbmregressor__min_child_samples': 10, 'lgbmregressor__n_estimators': 52, 'lgbmregressor__num_leaves': 37, 'lgbmregressor__reg_alpha': 0.7431296252464196, 'lgbmregressor__reg_lambda': 1.0737368419365698, 'lgbmregressor__subsample': 0.05100007717277644, 'lgbmregressor__subsample_freq': 9}",-1.0803523455502715,-0.8560764434333459,-0.8594482008104269,-0.6996797940725473,-0.892115011127573,-0.9413646914872862,-0.8382484399368427,-0.641627245566306,-0.851114021498075,0.12720707315721286,34,-0.5561410146188762,-0.5817473003280237,-0.6004977199698875,-0.6452870819437273,-0.6365951914165989,-0.6628451500992122,-0.6789176161977549,-0.6947895502353625,-0.6321025781011804,0.04550426477286589
6.395613074302673,3.302271851861387,0.4966801404953003,0.04774306464379717,0.693300161538274,0.1,17,64,26,0.627032855271388,1.328310497361945,0.9140034051473844,3,"{'lgbmregressor__colsample_bytree': 0.693300161538274, 'lgbmregressor__learning_rate': 0.1, 'lgbmregressor__min_child_samples': 17, 'lgbmregressor__n_estimators': 64, 'lgbmregressor__num_leaves': 26, 'lgbmregressor__reg_alpha': 0.627032855271388, 'lgbmregressor__reg_lambda': 1.328310497361945, 'lgbmregressor__subsample': 0.9140034051473844, 'lgbmregressor__subsample_freq': 3}",-0.9203456758825103,-0.864790321703701,-0.816144577162615,-0.5947078726909265,-0.8723798033172968,-0.8587529225118599,-0.8504005734816346,-0.6246066011091945,-0.8002660434824673,0.11351189925374414,13,-0.4793267904001213,-0.5309594140965657,-0.5506977966811696,-0.5718687455389226,-0.5706047645613205,-0.5988872594913787,-0.6103913034411035,-0.6225712217366286,-0.5669134119934014,0.04369736776275516
3.435910254716873,1.7710124680146535,0.32072195410728455,0.029559811171092198,0.38192565735443773,0.1,15,56,11,1.0614185702504486,1.4909630707975055,0.08493986656572516,4,"{'lgbmregressor__colsample_bytree': 0.38192565735443773, 'lgbmregressor__learning_rate': 0.1, 'lgbmregressor__min_child_samples': 15, 'lgbmregressor__n_estimators': 56, 'lgbmregressor__num_leaves': 11, 'lgbmregressor__reg_alpha': 1.0614185702504486, 'lgbmregressor__reg_lambda': 1.4909630707975055, 'lgbmregressor__subsample': 0.08493986656572516, 'lgbmregressor__subsample_freq': 4}",-1.0120770329169215,-0.9460644257266325,-0.9423039893856694,-0.7952439867977567,-0.9471596685241991,-0.9574410262838056,-0.918107727262218,-0.6892691310023313,-0.9009583734874418,0.09855086844999753,38,-0.6503388548280667,-0.707505717713156,-0.7314040348058227,-0.7732354334342287,-0.7674009600892759,-0.7848535897079758,-0.8117328545474529,-0.8349154955914165,-0.7576733675896744,0.055556178167664096
6.368683844804764,3.196334576994319,0.5989577174186707,0.04996481753751136,0.3441625897384062,0.1,8,82,23,0.8787498544863647,0.8930692104770275,0.29114687029302944,5,"{'lgbmregressor__colsample_bytree': 0.3441625897384062, 'lgbmregressor__learning_rate': 0.1, 'lgbmregressor__min_child_samples': 8, 'lgbmregressor__n_estimators': 82, 'lgbmregressor__num_leaves': 23, 'lgbmregressor__reg_alpha': 0.8787498544863647, 'lgbmregressor__reg_lambda': 0.8930692104770275, 'lgbmregressor__subsample': 0.29114687029302944, 'lgbmregressor__subsample_freq': 5}",-0.9743995556412121,-0.8601924118254723,-0.8264817857388641,-0.6385231416007773,-0.8950151146184351,-0.9075381490097122,-0.8470190677506709,-0.6218614297535846,-0.8213788319923412,0.11816007416040322,25,-0.4946161873707497,-0.537987793213753,-0.5719159644479361,-0.6048265860774813,-0.5920620722320038,-0.628803095845901,-0.6471918178313744,-0.6617972622847113,-0.5924000974129888,0.052725469307829245
5.372069150209427,2.663274838405068,0.49986934661865234,0.02629042064342485,0.6114511895363968,0.1,19,96,14,1.2289265584136788,0.776470090355779,0.26044112868076075,8,"{'lgbmregressor__colsample_bytree': 0.6114511895363968, 'lgbmregressor__learning_rate': 0.1, 'lgbmregressor__min_child_samples': 19, 'lgbmregressor__n_estimators': 96, 'lgbmregressor__num_leaves': 14, 'lgbmregressor__reg_alpha': 1.2289265584136788, 'lgbmregressor__reg_lambda': 0.776470090355779, 'lgbmregressor__subsample': 0.26044112868076075, 'lgbmregressor__subsample_freq': 8}",-0.9128309720357595,-0.8672209972967628,-0.8386363536710185,-0.6229686816994602,-0.876832416282979,-0.9124114696185744,-0.8563351274561439,-0.6526051621504302,-0.8174801475263911,0.10669837466888803,23,-0.5097587698467637,-0.5591082760964484,-0.5827808210239752,-0.6058286912096007,-0.6074384868768596,-0.6302634530560715,-0.6516719043863005,-0.6690772330651606,-0.6019909544451475,0.04812384126022859
8.545265883207321,4.310401955590937,0.6623027324676514,0.03512577674483154,0.7105768394956561,0.1,12,98,33,0.5539215612292959,0.6908518344848659,0.8223362318589529,8,"{'lgbmregressor__colsample_bytree': 0.7105768394956561, 'lgbmregressor__learning_rate': 0.1, 'lgbmregressor__min_child_samples': 12, 'lgbmregressor__n_estimators': 98, 'lgbmregressor__num_leaves': 33, 'lgbmregressor__reg_alpha': 0.5539215612292959, 'lgbmregressor__reg_lambda': 0.6908518344848659, 'lgbmregressor__subsample': 0.8223362318589529, 'lgbmregressor__subsample_freq': 8}",-0.926477949490474,-0.8569661604774295,-0.7764690624334828,-0.5572922462785809,-0.8483253465246494,-0.8313059262114155,-0.8319670601813041,-0.6003109229808454,-0.7786393343222727,0.12209902238072251,3,-0.421619201828063,-0.4649318856071872,-0.486473093943213,-0.5041900883559128,-0.5091685827501516,-0.5305954569721761,-0.5384698674237968,-0.5473760066015502,-0.5003530229352564,0.03923872575911387
4.902230739593506,2.4929359802241082,0.45120516419410706,0.04255906232072168,0.25338360437122653,0.1,11,51,36,0.7667549023306177,0.5864012796301168,0.25998570470155913,6,"{'lgbmregressor__colsample_bytree': 0.25338360437122653, 'lgbmregressor__learning_rate': 0.1, 'lgbmregressor__min_child_samples': 11, 'lgbmregressor__n_estimators': 51, 'lgbmregressor__num_leaves': 36, 'lgbmregressor__reg_alpha': 0.7667549023306177, 'lgbmregressor__reg_lambda': 0.5864012796301168, 'lgbmregressor__subsample': 0.25998570470155913, 'lgbmregressor__subsample_freq': 6}",-1.152349483940904,-0.9317843033565822,-0.9121422116767866,-0.8096245378681745,-0.919715314982063,-0.9906464710913921,-0.850007111331944,-0.6786147577961028,-0.9056105240054937,0.1288749531315814,40,-0.5912176886732954,-0.6330989839894265,-0.6613832055707887,-0.7312312790818333,-0.7016957903569077,-0.7586900509074374,-0.7380388100430929,-0.7719348817088054,-0.6984113362914484,0.06002579866532178
4.468388646841049,2.1528194510651577,0.6327359676361084,0.02840523698596316,0.3577316506126862,0.1,17,86,31,0.7543025558449976,1.4490247837890144,0.7127982708947219,1,"{'lgbmregressor__colsample_bytree': 0.3577316506126862, 'lgbmregressor__learning_rate': 0.1, 'lgbmregressor__min_child_samples': 17, 'lgbmregressor__n_estimators': 86, 'lgbmregressor__num_leaves': 31, 'lgbmregressor__reg_alpha': 0.7543025558449976, 'lgbmregressor__reg_lambda': 1.4490247837890144, 'lgbmregressor__subsample': 0.7127982708947219, 'lgbmregressor__subsample_freq': 1}",-1.0123177946392674,-0.8448713188597647,-0.8216949573280747,-0.6129286649498853,-0.8752628914935914,-0.8948004835492314,-0.8283515008040152,-0.6295714497486009,-0.8149748826715539,0.1251329256806335,20,-0.4650108463366369,-0.5034692356851632,-0.536030325710862,-0.5605940175784158,-0.5548331282385596,-0.585441063651603,-0.6046071743089871,-0.6120123964562919,-0.5527497734958149,0.04709308888215379
5.312262028455734,2.4802356080132304,0.4944302439689636,0.02257764402790429,0.6859754821497667,0.1,19,53,45,1.1820515198649533,1.0907508193624218,0.22194929017379217,7,"{'lgbmregressor__colsample_bytree': 0.6859754821497667, 'lgbmregressor__learning_rate': 0.1, 'lgbmregressor__min_child_samples': 19, 'lgbmregressor__n_estimators': 53, 'lgbmregressor__num_leaves': 45, 'lgbmregressor__reg_alpha': 1.1820515198649533, 'lgbmregressor__reg_lambda': 1.0907508193624218, 'lgbmregressor__subsample': 0.22194929017379217, 'lgbmregressor__subsample_freq': 7}",-0.9391289841136666,-0.8415158075914667,-0.8216859834377275,-0.5853686865791571,-0.8499934440236782,-0.8731635554871049,-0.8474330899217859,-0.6393738093451249,-0.7997079200624639,0.11375387797458744,12,-0.4810754854327815,-0.5090945478381186,-0.5255273092424753,-0.542796061325116,-0.5437862832773827,-0.5719214897419931,-0.5854870296132076,-0.591884261740243,-0.5439465585264147,0.03590662101402354
7.163490146398544,3.5606554442937477,0.6200966536998749,0.023436058888757414,0.42624475320512534,0.1,13,94,28,0.9325725797328984,0.8966711176470029,0.4515358234909689,9,"{'lgbmregressor__colsample_bytree': 0.42624475320512534, 'lgbmregressor__learning_rate': 0.1, 'lgbmregressor__min_child_samples': 13, 'lgbmregressor__n_estimators': 94, 'lgbmregressor__num_leaves': 28, 'lgbmregressor__reg_alpha': 0.9325725797328984, 'lgbmregressor__reg_lambda': 0.8966711176470029, 'lgbmregressor__subsample': 0.4515358234909689, 'lgbmregressor__subsample_freq': 9}",-0.9746684964305838,-0.8540819644173153,-0.7922197537569047,-0.5926921657856473,-0.8693057374670726,-0.854938233023541,-0.8426479220907062,-0.6230834022602015,-0.8004547094039967,0.12114515121423194,14,-0.459478994154203,-0.49739625148841055,-0.521965747628785,-0.5469074712138289,-0.5413395370289829,-0.5715005111580361,-0.592195023777999,-0.5944510802781148,-0.540654327091045,0.04380575197475318
4.760572582483292,2.3664820235849593,0.4252873659133911,0.02951249363657975,0.8511997604885706,0.1,18,54,24,1.3876654410690563,0.985910069665169,0.12478166533844093,1,"{'lgbmregressor__colsample_bytree': 0.8511997604885706, 'lgbmregressor__learning_rate': 0.1, 'lgbmregressor__min_child_samples': 18, 'lgbmregressor__n_estimators': 54, 'lgbmregressor__num_leaves': 24, 'lgbmregressor__reg_alpha': 1.3876654410690563, 'lgbmregressor__reg_lambda': 0.985910069665169, 'lgbmregressor__subsample': 0.12478166533844093, 'lgbmregressor__subsample_freq': 1}",-0.9300521200760847,-0.9055098682326203,-0.8262033130800632,-0.5979452180824278,-0.8674232868663522,-0.9018803669113804,-0.837595327309213,-0.6405331415732326,-0.8133928302664217,0.11720296917546857,19,-0.5123942406785168,-0.5621589948290534,-0.5788375955681351,-0.5986881032683344,-0.5962777301621417,-0.6305986862991342,-0.650074601855407,-0.6608272875446648,-0.5987321550256735,0.04569050678611988
4.768061578273773,2.4614893705136582,0.4479542374610901,0.055606577363039804,0.7221274821603676,0.1,9,87,12,1.358463569106894,1.3560637497378836,0.03556320212075159,1,"{'lgbmregressor__colsample_bytree': 0.7221274821603676, 'lgbmregressor__learning_rate': 0.1, 'lgbmregressor__min_child_samples': 9, 'lgbmregressor__n_estimators': 87, 'lgbmregressor__num_leaves': 12, 'lgbmregressor__reg_alpha': 1.358463569106894, 'lgbmregressor__reg_lambda': 1.3560637497378836, 'lgbmregressor__subsample': 0.03556320212075159, 'lgbmregressor__subsample_freq': 1}",-0.9316203497026156,-0.8675155881903129,-0.8708158738969813,-0.6363665606587411,-0.8881498427371245,-0.929561207941544,-0.8674192562595834,-0.6730104334228432,-0.8330573891012182,0.10615963291745592,30,-0.5383002856958433,-0.5906437437612168,-0.6132569857708662,-0.6415017464021838,-0.6369355969380406,-0.6696848818080907,-0.6910615217368231,-0.7001113137326251,-0.6351870094807113,0.05052502939718361
4.741828471422195,2.3087146135002246,0.4082210659980774,0.04349282797109316,0.4850577507289049,0.1,14,88,10,0.9331920131828174,0.580600653459872,0.471764062003861,7,"{'lgbmregressor__colsample_bytree': 0.4850577507289049, 'lgbmregressor__learning_rate': 0.1, 'lgbmregressor__min_child_samples': 14, 'lgbmregressor__n_estimators': 88, 'lgbmregressor__num_leaves': 10, 'lgbmregressor__reg_alpha': 0.9331920131828174, 'lgbmregressor__reg_lambda': 0.580600653459872, 'lgbmregressor__subsample': 0.471764062003861, 'lgbmregressor__subsample_freq': 7}",-0.9534106491669048,-0.9307463265447942,-0.8949060557026762,-0.6947113187324214,-0.8962523783236416,-0.9495930077404159,-0.9008513986570525,-0.6812243377182895,-0.8627119340732745,0.10318748255754712,35,-0.5669934553786877,-0.6285401381057847,-0.6545670298256271,-0.6862390361079713,-0.6729434011675527,-0.702628613688709,-0.7405091422497444,-0.7491732729647353,-0.6751992611861015,0.055821287432082985
6.250587821006775,2.8414039754570606,0.49566078186035156,0.08151190874301163,0.425246723857165,0.1,10,88,19,1.0598168936761008,1.2169715456061132,0.6039880858030768,5,"{'lgbmregressor__colsample_bytree': 0.425246723857165, 'lgbmregressor__learning_rate': 0.1, 'lgbmregressor__min_child_samples': 10, 'lgbmregressor__n_estimators': 88, 'lgbmregressor__num_leaves': 19, 'lgbmregressor__reg_alpha': 1.0598168936761008, 'lgbmregressor__reg_lambda': 1.2169715456061132, 'lgbmregressor__subsample': 0.6039880858030768, 'lgbmregressor__subsample_freq': 5}",-0.9425420273926767,-0.8503474965919391,-0.8333374189294069,-0.6237216777905812,-0.8849446412348416,-0.8794374407635144,-0.845241833239391,-0.6190767292486528,-0.8098311581488755,0.11323165935789874,17,-0.49351021761080666,-0.5424528766699213,-0.5686951147235261,-0.5940916571135018,-0.5901556874363212,-0.6183856611912943,-0.6369416388481974,-0.6474859586207788,-0.5864648515267934,0.047769749234460805
